player_name,month,trends_rel
André-Frank Zambo Anguissa,2024-07,0.0111
André-Frank Zambo Anguissa,2024-08,0.0167
André-Frank Zambo Anguissa,2024-09,0.0133
André-Frank Zambo Anguissa,2024-10,0.0111
André-Frank Zambo Anguissa,2024-11,0.0111
André-Frank Zambo Anguissa,2024-12,0.0111
André-Frank Zambo Anguissa,2025-01,0.0195
André-Frank Zambo Anguissa,2025-02,0.0139
André-Frank Zambo Anguissa,2025-03,0.0111
André-Frank Zambo Anguissa,2025-04,0.0167
André-Frank Zambo Anguissa,2025-05,0.0167
André-Frank Zambo Anguissa,2025-06,0.0222
André-Frank Zambo Anguissa,2025-07,0.0111
Giorgian de Arrascaeta,2024-07,0.0222
Giorgian de Arrascaeta,2024-08,0.0334
Giorgian de Arrascaeta,2024-09,0.0311
Giorgian de Arrascaeta,2024-10,0.0222
Giorgian de Arrascaeta,2024-11,0.0334
Giorgian de Arrascaeta,2024-12,0.0222
Giorgian de Arrascaeta,2025-01,0.0222
Giorgian de Arrascaeta,2025-02,0.0278
Giorgian de Arrascaeta,2025-03,0.0267
Giorgian de Arrascaeta,2025-04,0.0334
Giorgian de Arrascaeta,2025-05,0.0445
Giorgian de Arrascaeta,2025-06,0.0623
Giorgian de Arrascaeta,2025-07,0.0222
Jude Bellingham,2024-07,0.4224
Jude Bellingham,2024-08,0.4724
Jude Bellingham,2024-09,0.4002
Jude Bellingham,2024-10,0.4057
Jude Bellingham,2024-11,0.3112
Jude Bellingham,2024-12,0.3735
Jude Bellingham,2025-01,0.3779
Jude Bellingham,2025-02,0.5113
Jude Bellingham,2025-03,0.3246
Jude Bellingham,2025-04,0.3668
Jude Bellingham,2025-05,0.3168
Jude Bellingham,2025-06,0.4713
Jude Bellingham,2025-07,0.289
Thibaut Courtois,2024-07,0.0667
Thibaut Courtois,2024-08,0.1
Thibaut Courtois,2024-09,0.1423
Thibaut Courtois,2024-10,0.1056
Thibaut Courtois,2024-11,0.0778
Thibaut Courtois,2024-12,0.0711
Thibaut Courtois,2025-01,0.0723
Thibaut Courtois,2025-02,0.0945
Thibaut Courtois,2025-03,0.1245
Thibaut Courtois,2025-04,0.1501
Thibaut Courtois,2025-05,0.1
Thibaut Courtois,2025-06,0.0978
Thibaut Courtois,2025-07,0.1112
Hakan Çalhanoğlu,2024-07,0.0222
Hakan Çalhanoğlu,2024-08,0.0445
Hakan Çalhanoğlu,2024-09,0.0534
Hakan Çalhanoğlu,2024-10,0.0612
Hakan Çalhanoğlu,2024-11,0.0556
Hakan Çalhanoğlu,2024-12,0.0311
Hakan Çalhanoğlu,2025-01,0.0389
Hakan Çalhanoğlu,2025-02,0.0222
Hakan Çalhanoğlu,2025-03,0.04
Hakan Çalhanoğlu,2025-04,0.05
Hakan Çalhanoğlu,2025-05,0.089
Hakan Çalhanoğlu,2025-06,0.0979
Hakan Çalhanoğlu,2025-07,0.1001
Denzel Dumfries,2024-07,0.0111
Denzel Dumfries,2024-08,0.0139
Denzel Dumfries,2024-09,0.0178
Denzel Dumfries,2024-10,0.0167
Denzel Dumfries,2024-11,0.0195
Denzel Dumfries,2024-12,0.02
Denzel Dumfries,2025-01,0.0222
Denzel Dumfries,2025-02,0.0167
Denzel Dumfries,2025-03,0.02
Denzel Dumfries,2025-04,0.0667
Denzel Dumfries,2025-05,0.0945
Denzel Dumfries,2025-06,0.0534
Denzel Dumfries,2025-07,0.0445
Emiliano Martínez,2024-07,0.089
Emiliano Martínez,2024-08,0.0723
Emiliano Martínez,2024-09,0.1379
Emiliano Martínez,2024-10,0.1112
Emiliano Martínez,2024-11,0.0723
Emiliano Martínez,2024-12,0.1023
Emiliano Martínez,2025-01,0.0612
Emiliano Martínez,2025-02,0.0612
Emiliano Martínez,2025-03,0.0801
Emiliano Martínez,2025-04,0.089
Emiliano Martínez,2025-05,0.1835
Emiliano Martínez,2025-06,0.1157
Emiliano Martínez,2025-07,0.0778
Gabriel Magalhães,2024-07,0.0222
Gabriel Magalhães,2024-08,0.0222
Gabriel Magalhães,2024-09,0.0489
Gabriel Magalhães,2024-10,0.0333
Gabriel Magalhães,2024-11,0.0333
Gabriel Magalhães,2024-12,0.04
Gabriel Magalhães,2025-01,0.0333
Gabriel Magalhães,2025-02,0.0278
Gabriel Magalhães,2025-03,0.04
Gabriel Magalhães,2025-04,0.0333
Gabriel Magalhães,2025-05,0.0222
Gabriel Magalhães,2025-06,0.02
Gabriel Magalhães,2025-07,0.0222
Serhou Guirassy,2024-07,0.0222
Serhou Guirassy,2024-08,0.0222
Serhou Guirassy,2024-09,0.0356
Serhou Guirassy,2024-10,0.0278
Serhou Guirassy,2024-11,0.0222
Serhou Guirassy,2024-12,0.0267
Serhou Guirassy,2025-01,0.0278
Serhou Guirassy,2025-02,0.0556
Serhou Guirassy,2025-03,0.0378
Serhou Guirassy,2025-04,0.1167
Serhou Guirassy,2025-05,0.0333
Serhou Guirassy,2025-06,0.0445
Serhou Guirassy,2025-07,0.0222
Josko Gvardiol,2024-07,0.0222
Josko Gvardiol,2024-08,0.0222
Josko Gvardiol,2024-09,0.0311
Josko Gvardiol,2024-10,0.0389
Josko Gvardiol,2024-11,0.0278
Josko Gvardiol,2024-12,0.0267
Josko Gvardiol,2025-01,0.0334
Josko Gvardiol,2025-02,0.0389
Josko Gvardiol,2025-03,0.0222
Josko Gvardiol,2025-04,0.0222
Josko Gvardiol,2025-05,0.0222
Josko Gvardiol,2025-06,0.0222
Josko Gvardiol,2025-07,0.0167
Achraf Hakimi,2024-07,0.0445
Achraf Hakimi,2024-08,0.0306
Achraf Hakimi,2024-09,0.0222
Achraf Hakimi,2024-10,0.0195
Achraf Hakimi,2024-11,0.0167
Achraf Hakimi,2024-12,0.0133
Achraf Hakimi,2025-01,0.0167
Achraf Hakimi,2025-02,0.0167
Achraf Hakimi,2025-03,0.0156
Achraf Hakimi,2025-04,0.0195
Achraf Hakimi,2025-05,0.0445
Achraf Hakimi,2025-06,0.0356
Achraf Hakimi,2025-07,0.0333
João Pedro,2024-07,0.0222
João Pedro,2024-08,0.0445
João Pedro,2024-09,0.04
João Pedro,2024-10,0.0139
João Pedro,2024-11,0.0222
João Pedro,2024-12,0.0267
João Pedro,2025-01,0.0334
João Pedro,2025-02,0.0222
João Pedro,2025-03,0.0445
João Pedro,2025-04,0.0195
João Pedro,2025-05,0.025
João Pedro,2025-06,0.1112
João Pedro,2025-07,1.0009
João Neves,2024-07,0.0889
João Neves,2024-08,0.05
João Neves,2024-09,0.0222
João Neves,2024-10,0.0222
João Neves,2024-11,0.0222
João Neves,2024-12,0.0111
João Neves,2025-01,0.0333
João Neves,2025-02,0.0222
João Neves,2025-03,0.0311
João Neves,2025-04,0.0445
João Neves,2025-05,0.05
João Neves,2025-06,0.1467
João Neves,2025-07,0.1112
Khvicha Kvaratskhelia,2024-07,0.0445
Khvicha Kvaratskhelia,2024-08,0.0611
Khvicha Kvaratskhelia,2024-09,0.0578
Khvicha Kvaratskhelia,2024-10,0.05
Khvicha Kvaratskhelia,2024-11,0.0445
Khvicha Kvaratskhelia,2024-12,0.0445
Khvicha Kvaratskhelia,2025-01,0.3224
Khvicha Kvaratskhelia,2025-02,0.0723
Khvicha Kvaratskhelia,2025-03,0.0934
Khvicha Kvaratskhelia,2025-04,0.1223
Khvicha Kvaratskhelia,2025-05,0.1723
Khvicha Kvaratskhelia,2025-06,0.1423
Khvicha Kvaratskhelia,2025-07,0.1112
Lautaro Martínez,2024-07,0.0667
Lautaro Martínez,2024-08,0.0834
Lautaro Martínez,2024-09,0.0756
Lautaro Martínez,2024-10,0.0945
Lautaro Martínez,2024-11,0.0667
Lautaro Martínez,2024-12,0.0667
Lautaro Martínez,2025-01,0.0667
Lautaro Martínez,2025-02,0.0667
Lautaro Martínez,2025-03,0.0756
Lautaro Martínez,2025-04,0.1612
Lautaro Martínez,2025-05,0.1945
Lautaro Martínez,2025-06,0.0978
Lautaro Martínez,2025-07,0.0445
Tino Livramento,2024-07,0.0111
Tino Livramento,2024-08,0.0167
Tino Livramento,2024-09,0.0133
Tino Livramento,2024-10,0.0139
Tino Livramento,2024-11,0.0195
Tino Livramento,2024-12,0.0133
Tino Livramento,2025-01,0.0111
Tino Livramento,2025-02,0.0111
Tino Livramento,2025-03,0.0133
Tino Livramento,2025-04,0.0139
Tino Livramento,2025-05,0.0139
Tino Livramento,2025-06,0.0222
Tino Livramento,2025-07,0.0111
Alexis Mac Allister,2024-07,0.0222
Alexis Mac Allister,2024-08,0.0222
Alexis Mac Allister,2024-09,0.0445
Alexis Mac Allister,2024-10,0.0278
Alexis Mac Allister,2024-11,0.0389
Alexis Mac Allister,2024-12,0.0356
Alexis Mac Allister,2025-01,0.0278
Alexis Mac Allister,2025-02,0.0389
Alexis Mac Allister,2025-03,0.0489
Alexis Mac Allister,2025-04,0.05
Alexis Mac Allister,2025-05,0.0445
Alexis Mac Allister,2025-06,0.0267
Alexis Mac Allister,2025-07,0.0333
Marcus Thuram,2024-07,0.0222
Marcus Thuram,2024-08,0.0445
Marcus Thuram,2024-09,0.0445
Marcus Thuram,2024-10,0.0612
Marcus Thuram,2024-11,0.0334
Marcus Thuram,2024-12,0.0489
Marcus Thuram,2025-01,0.0389
Marcus Thuram,2025-02,0.0667
Marcus Thuram,2025-03,0.0445
Marcus Thuram,2025-04,0.1112
Marcus Thuram,2025-05,0.1446
Marcus Thuram,2025-06,0.0623
Marcus Thuram,2025-07,0.0222
Marquinhos,2024-07,0.0222
Marquinhos,2024-08,0.0222
Marquinhos,2024-09,0.0222
Marquinhos,2024-10,0.0222
Marquinhos,2024-11,0.0222
Marquinhos,2024-12,0.0222
Marquinhos,2025-01,0.0222
Marquinhos,2025-02,0.0222
Marquinhos,2025-03,0.0356
Marquinhos,2025-04,0.0278
Marquinhos,2025-05,0.0834
Marquinhos,2025-06,0.0845
Marquinhos,2025-07,0.0667
Scott McTominay,2024-07,0.0889
Scott McTominay,2024-08,0.1779
Scott McTominay,2024-09,0.0889
Scott McTominay,2024-10,0.0445
Scott McTominay,2024-11,0.0278
Scott McTominay,2024-12,0.0267
Scott McTominay,2025-01,0.0278
Scott McTominay,2025-02,0.0222
Scott McTominay,2025-03,0.0222
Scott McTominay,2025-04,0.0667
Scott McTominay,2025-05,0.1612
Scott McTominay,2025-06,0.0311
Scott McTominay,2025-07,0.0333
Michael Olise,2024-07,0.0667
Michael Olise,2024-08,0.1
Michael Olise,2024-09,0.1067
Michael Olise,2024-10,0.05
Michael Olise,2024-11,0.0222
Michael Olise,2024-12,0.04
Michael Olise,2025-01,0.0222
Michael Olise,2025-02,0.0445
Michael Olise,2025-03,0.0756
Michael Olise,2025-04,0.05
Michael Olise,2025-05,0.0667
Michael Olise,2025-06,0.0845
Michael Olise,2025-07,0.0333
Dani Olmo,2024-07,0.2891
Dani Olmo,2024-08,0.4504
Dani Olmo,2024-09,0.1246
Dani Olmo,2024-10,0.0834
Dani Olmo,2024-11,0.0723
Dani Olmo,2024-12,0.3603
Dani Olmo,2025-01,0.2391
Dani Olmo,2025-02,0.0612
Dani Olmo,2025-03,0.0712
Dani Olmo,2025-04,0.0834
Dani Olmo,2025-05,0.0723
Dani Olmo,2025-06,0.0356
Dani Olmo,2025-07,0.0222
Mikel Oyarzabal,2024-07,0.0222
Mikel Oyarzabal,2024-08,0.0139
Mikel Oyarzabal,2024-09,0.0178
Mikel Oyarzabal,2024-10,0.0167
Mikel Oyarzabal,2024-11,0.0167
Mikel Oyarzabal,2024-12,0.0111
Mikel Oyarzabal,2025-01,0.0139
Mikel Oyarzabal,2025-02,0.0139
Mikel Oyarzabal,2025-03,0.0356
Mikel Oyarzabal,2025-04,0.0167
Mikel Oyarzabal,2025-05,0.0111
Mikel Oyarzabal,2025-06,0.0667
Mikel Oyarzabal,2025-07,0.0167
Reece James,2024-07,0.0222
Reece James,2024-08,0.0278
Reece James,2024-09,0.0222
Reece James,2024-10,0.0278
Reece James,2024-11,0.0278
Reece James,2024-12,0.0222
Reece James,2025-01,0.0222
Reece James,2025-02,0.0195
Reece James,2025-03,0.0311
Reece James,2025-04,0.0222
Reece James,2025-05,0.0278
Reece James,2025-06,0.0267
Reece James,2025-07,0.0778
Declan Rice,2024-07,0.0445
Declan Rice,2024-08,0.05
Declan Rice,2024-09,0.1112
Declan Rice,2024-10,0.0389
Declan Rice,2024-11,0.0333
Declan Rice,2024-12,0.0356
Declan Rice,2025-01,0.0333
Declan Rice,2025-02,0.0333
Declan Rice,2025-03,0.0356
Declan Rice,2025-04,0.4558
Declan Rice,2025-05,0.0945
Declan Rice,2025-06,0.0578
Declan Rice,2025-07,0.0445
Rúben Dias,2024-07,0.0222
Rúben Dias,2024-08,0.0222
Rúben Dias,2024-09,0.0222
Rúben Dias,2024-10,0.0278
Rúben Dias,2024-11,0.0222
Rúben Dias,2024-12,0.0267
Rúben Dias,2025-01,0.0278
Rúben Dias,2025-02,0.0278
Rúben Dias,2025-03,0.0222
Rúben Dias,2025-04,0.0222
Rúben Dias,2025-05,0.0278
Rúben Dias,2025-06,0.0445
Rúben Dias,2025-07,0.0222
Yann Sommer,2024-07,0.0222
Yann Sommer,2024-08,0.0333
Yann Sommer,2024-09,0.0267
Yann Sommer,2024-10,0.0222
Yann Sommer,2024-11,0.0222
Yann Sommer,2024-12,0.0222
Yann Sommer,2025-01,0.0222
Yann Sommer,2025-02,0.0278
Yann Sommer,2025-03,0.0222
Yann Sommer,2025-04,0.0667
Yann Sommer,2025-05,0.2112
Yann Sommer,2025-06,0.04
Yann Sommer,2025-07,0.0333
Theo Hernández,2024-07,0.0445
Theo Hernández,2024-08,0.0389
Theo Hernández,2024-09,0.0489
Theo Hernández,2024-10,0.0389
Theo Hernández,2024-11,0.05
Theo Hernández,2024-12,0.0534
Theo Hernández,2025-01,0.05
Theo Hernández,2025-02,0.0723
Theo Hernández,2025-03,0.0311
Theo Hernández,2025-04,0.0334
Theo Hernández,2025-05,0.0556
Theo Hernández,2025-06,0.1157
Theo Hernández,2025-07,0.1334
Virgil van Dijk,2024-07,0.1112
Virgil van Dijk,2024-08,0.0945
Virgil van Dijk,2024-09,0.1067
Virgil van Dijk,2024-10,0.0945
Virgil van Dijk,2024-11,0.1
Virgil van Dijk,2024-12,0.1289
Virgil van Dijk,2025-01,0.1112
Virgil van Dijk,2025-02,0.1112
Virgil van Dijk,2025-03,0.1156
Virgil van Dijk,2025-04,0.1223
Virgil van Dijk,2025-05,0.0889
Virgil van Dijk,2025-06,0.0845
Virgil van Dijk,2025-07,0.0889
Florian Wirtz,2024-07,0.0667
Florian Wirtz,2024-08,0.0556
Florian Wirtz,2024-09,0.0845
Florian Wirtz,2024-10,0.0723
Florian Wirtz,2024-11,0.0556
Florian Wirtz,2024-12,0.0667
Florian Wirtz,2025-01,0.0611
Florian Wirtz,2025-02,0.0611
Florian Wirtz,2025-03,0.0934
Florian Wirtz,2025-04,0.0889
Florian Wirtz,2025-05,0.5669
Florian Wirtz,2025-06,0.4935
Florian Wirtz,2025-07,0.1112
Lamine Yamal,2024-07,1.0004
Lamine Yamal,2024-08,0.5947
Lamine Yamal,2024-09,0.4002
Lamine Yamal,2024-10,0.5336
Lamine Yamal,2024-11,0.3446
Lamine Yamal,2024-12,0.3602
Lamine Yamal,2025-01,0.478
Lamine Yamal,2025-02,0.3502
Lamine Yamal,2025-03,0.4758
Lamine Yamal,2025-04,0.8003
Lamine Yamal,2025-05,1.1449
Lamine Yamal,2025-06,1.0138
Lamine Yamal,2025-07,1.1005
Alisson,2024-07,0.0445
Alisson,2024-08,0.0556
Alisson,2024-09,0.0622
Alisson,2024-10,0.0556
Alisson,2024-11,0.0556
Alisson,2024-12,0.0489
Alisson,2025-01,0.0445
Alisson,2025-02,0.0445
Alisson,2025-03,0.1067
Alisson,2025-04,0.05
Alisson,2025-05,0.05
Alisson,2025-06,0.0534
Alisson,2025-07,0.0445
Thiago Almada,2024-07,0.0667
Thiago Almada,2024-08,0.0222
Thiago Almada,2024-09,0.0289
Thiago Almada,2024-10,0.0389
Thiago Almada,2024-11,0.0278
Thiago Almada,2024-12,0.0311
Thiago Almada,2025-01,0.0278
Thiago Almada,2025-02,0.0195
Thiago Almada,2025-03,0.0934
Thiago Almada,2025-04,0.0306
Thiago Almada,2025-05,0.0139
Thiago Almada,2025-06,0.0489
Thiago Almada,2025-07,0.0667
Julián Álvarez,2024-07,0.2446
Julián Álvarez,2024-08,0.3891
Julián Álvarez,2024-09,0.0845
Julián Álvarez,2024-10,0.0611
Julián Álvarez,2024-11,0.1
Julián Álvarez,2024-12,0.0667
Julián Álvarez,2025-01,0.0723
Julián Álvarez,2025-02,0.0889
Julián Álvarez,2025-03,0.2268
Julián Álvarez,2025-04,0.0778
Julián Álvarez,2025-05,0.1056
Julián Álvarez,2025-06,0.0978
Julián Álvarez,2025-07,0.0445
Antony,2024-07,0.1112
Antony,2024-08,0.139
Antony,2024-09,0.1646
Antony,2024-10,0.1168
Antony,2024-11,0.0834
Antony,2024-12,0.0801
Antony,2025-01,0.2447
Antony,2025-02,0.367
Antony,2025-03,0.1868
Antony,2025-04,0.139
Antony,2025-05,0.3003
Antony,2025-06,0.0979
Antony,2025-07,0.0778
Alejandro Balde,2024-07,0.0222
Alejandro Balde,2024-08,0.0334
Alejandro Balde,2024-09,0.0222
Alejandro Balde,2024-10,0.0445
Alejandro Balde,2024-11,0.0334
Alejandro Balde,2024-12,0.0311
Alejandro Balde,2025-01,0.0612
Alejandro Balde,2025-02,0.0278
Alejandro Balde,2025-03,0.0489
Alejandro Balde,2025-04,0.1112
Alejandro Balde,2025-05,0.0778
Alejandro Balde,2025-06,0.0311
Alejandro Balde,2025-07,0.0222
Bradley Barcola,2024-07,0.0222
Bradley Barcola,2024-08,0.0389
Bradley Barcola,2024-09,0.0622
Bradley Barcola,2024-10,0.0445
Bradley Barcola,2024-11,0.0333
Bradley Barcola,2024-12,0.0222
Bradley Barcola,2025-01,0.0445
Bradley Barcola,2025-02,0.0445
Bradley Barcola,2025-03,0.0578
Bradley Barcola,2025-04,0.0445
Bradley Barcola,2025-05,0.0723
Bradley Barcola,2025-06,0.0934
Bradley Barcola,2025-07,0.0556
Nicolò Barella,2024-07,0.0222
Nicolò Barella,2024-08,0.0278
Nicolò Barella,2024-09,0.0356
Nicolò Barella,2024-10,0.0222
Nicolò Barella,2024-11,0.0222
Nicolò Barella,2024-12,0.0267
Nicolò Barella,2025-01,0.0278
Nicolò Barella,2025-02,0.0222
Nicolò Barella,2025-03,0.0222
Nicolò Barella,2025-04,0.0445
Nicolò Barella,2025-05,0.05
Nicolò Barella,2025-06,0.0267
Nicolò Barella,2025-07,0.0222
Alessandro Bastoni,2024-07,0.0111
Alessandro Bastoni,2024-08,0.0222
Alessandro Bastoni,2024-09,0.0222
Alessandro Bastoni,2024-10,0.0195
Alessandro Bastoni,2024-11,0.0167
Alessandro Bastoni,2024-12,0.02
Alessandro Bastoni,2025-01,0.0222
Alessandro Bastoni,2025-02,0.0195
Alessandro Bastoni,2025-03,0.0222
Alessandro Bastoni,2025-04,0.0278
Alessandro Bastoni,2025-05,0.0723
Alessandro Bastoni,2025-06,0.0267
Alessandro Bastoni,2025-07,0.0222
Bernardo Silva,2024-07,0.0222
Bernardo Silva,2024-08,0.0389
Bernardo Silva,2024-09,0.0311
Bernardo Silva,2024-10,0.0222
Bernardo Silva,2024-11,0.0222
Bernardo Silva,2024-12,0.0267
Bernardo Silva,2025-01,0.0278
Bernardo Silva,2025-02,0.0278
Bernardo Silva,2025-03,0.0222
Bernardo Silva,2025-04,0.0278
Bernardo Silva,2025-05,0.0334
Bernardo Silva,2025-06,0.0934
Bernardo Silva,2025-07,0.0222
Bruno Fernandes,2024-07,0.0445
Bruno Fernandes,2024-08,0.0611
Bruno Fernandes,2024-09,0.0934
Bruno Fernandes,2024-10,0.0667
Bruno Fernandes,2024-11,0.0611
Bruno Fernandes,2024-12,0.08
Bruno Fernandes,2025-01,0.0723
Bruno Fernandes,2025-02,0.0556
Bruno Fernandes,2025-03,0.1112
Bruno Fernandes,2025-04,0.0945
Bruno Fernandes,2025-05,0.1612
Bruno Fernandes,2025-06,0.1201
Bruno Fernandes,2025-07,0.0445
Bruno Guimarães,2024-07,0.0222
Bruno Guimarães,2024-08,0.0222
Bruno Guimarães,2024-09,0.02
Bruno Guimarães,2024-10,0.0195
Bruno Guimarães,2024-11,0.0167
Bruno Guimarães,2024-12,0.0222
Bruno Guimarães,2025-01,0.0195
Bruno Guimarães,2025-02,0.0167
Bruno Guimarães,2025-03,0.0289
Bruno Guimarães,2025-04,0.0139
Bruno Guimarães,2025-05,0.0195
Bruno Guimarães,2025-06,0.0156
Bruno Guimarães,2025-07,0.0111
Moisés Caicedo,2024-07,0.0222
Moisés Caicedo,2024-08,0.0222
Moisés Caicedo,2024-09,0.0222
Moisés Caicedo,2024-10,0.0222
Moisés Caicedo,2024-11,0.0389
Moisés Caicedo,2024-12,0.0311
Moisés Caicedo,2025-01,0.0222
Moisés Caicedo,2025-02,0.0222
Moisés Caicedo,2025-03,0.0222
Moisés Caicedo,2025-04,0.0222
Moisés Caicedo,2025-05,0.0445
Moisés Caicedo,2025-06,0.0489
Moisés Caicedo,2025-07,0.1334
Riccardo Calafiori,2024-07,0.3114
Riccardo Calafiori,2024-08,0.0778
Riccardo Calafiori,2024-09,0.0979
Riccardo Calafiori,2024-10,0.0723
Riccardo Calafiori,2024-11,0.0222
Riccardo Calafiori,2024-12,0.0267
Riccardo Calafiori,2025-01,0.0222
Riccardo Calafiori,2025-02,0.0222
Riccardo Calafiori,2025-03,0.0356
Riccardo Calafiori,2025-04,0.0334
Riccardo Calafiori,2025-05,0.0334
Riccardo Calafiori,2025-06,0.0222
Riccardo Calafiori,2025-07,0.0222
Álvaro Carreras,2024-07,0.0111
Álvaro Carreras,2024-08,0.0111
Álvaro Carreras,2024-09,0.0133
Álvaro Carreras,2024-10,0.0167
Álvaro Carreras,2024-11,0.0139
Álvaro Carreras,2024-12,0.0111
Álvaro Carreras,2025-01,0.0278
Álvaro Carreras,2025-02,0.0111
Álvaro Carreras,2025-03,0.0133
Álvaro Carreras,2025-04,0.0139
Álvaro Carreras,2025-05,0.1334
Álvaro Carreras,2025-06,0.0712
Álvaro Carreras,2025-07,0.2224
Dani Carvajal,2024-07,0.0667
Dani Carvajal,2024-08,0.0723
Dani Carvajal,2024-09,0.089
Dani Carvajal,2024-10,0.3392
Dani Carvajal,2024-11,0.0389
Dani Carvajal,2024-12,0.0445
Dani Carvajal,2025-01,0.0445
Dani Carvajal,2025-02,0.0445
Dani Carvajal,2025-03,0.0489
Dani Carvajal,2025-04,0.0667
Dani Carvajal,2025-05,0.0667
Dani Carvajal,2025-06,0.0445
Dani Carvajal,2025-07,0.0556
Pau Cubarsí,2024-07,0.0445
Pau Cubarsí,2024-08,0.0611
Pau Cubarsí,2024-09,0.0311
Pau Cubarsí,2024-10,0.1
Pau Cubarsí,2024-11,0.1723
Pau Cubarsí,2024-12,0.04
Pau Cubarsí,2025-01,0.0723
Pau Cubarsí,2025-02,0.0667
Pau Cubarsí,2025-03,0.1023
Pau Cubarsí,2025-04,0.1112
Pau Cubarsí,2025-05,0.0945
Pau Cubarsí,2025-06,0.0489
Pau Cubarsí,2025-07,0.0445
Marc Cucurella,2024-07,0.089
Marc Cucurella,2024-08,0.1223
Marc Cucurella,2024-09,0.0534
Marc Cucurella,2024-10,0.05
Marc Cucurella,2024-11,0.0389
Marc Cucurella,2024-12,0.0623
Marc Cucurella,2025-01,0.0278
Marc Cucurella,2025-02,0.0278
Marc Cucurella,2025-03,0.0356
Marc Cucurella,2025-04,0.0222
Marc Cucurella,2025-05,0.0445
Marc Cucurella,2025-06,0.1512
Marc Cucurella,2025-07,0.2113
Matheus Cunha,2024-07,0.0111
Matheus Cunha,2024-08,0.0167
Matheus Cunha,2024-09,0.0133
Matheus Cunha,2024-10,0.0167
Matheus Cunha,2024-11,0.0278
Matheus Cunha,2024-12,0.1023
Matheus Cunha,2025-01,0.0612
Matheus Cunha,2025-02,0.0389
Matheus Cunha,2025-03,0.0578
Matheus Cunha,2025-04,0.1056
Matheus Cunha,2025-05,0.1557
Matheus Cunha,2025-06,0.1246
Matheus Cunha,2025-07,0.0667
Alphonso Davies,2024-07,0.0667
Alphonso Davies,2024-08,0.0556
Alphonso Davies,2024-09,0.0356
Alphonso Davies,2024-10,0.0389
Alphonso Davies,2024-11,0.0612
Alphonso Davies,2024-12,0.0489
Alphonso Davies,2025-01,0.0556
Alphonso Davies,2025-02,0.0389
Alphonso Davies,2025-03,0.04
Alphonso Davies,2025-04,0.0222
Alphonso Davies,2025-05,0.0278
Alphonso Davies,2025-06,0.0356
Alphonso Davies,2025-07,0.0445
Kevin De Bruyne,2024-07,0.1557
Kevin De Bruyne,2024-08,0.1557
Kevin De Bruyne,2024-09,0.1512
Kevin De Bruyne,2024-10,0.1279
Kevin De Bruyne,2024-11,0.1056
Kevin De Bruyne,2024-12,0.1334
Kevin De Bruyne,2025-01,0.0945
Kevin De Bruyne,2025-02,0.1501
Kevin De Bruyne,2025-03,0.1957
Kevin De Bruyne,2025-04,0.2891
Kevin De Bruyne,2025-05,0.5004
Kevin De Bruyne,2025-06,0.2669
Kevin De Bruyne,2025-07,0.1557
Rodrigo De Paul,2024-07,0.0445
Rodrigo De Paul,2024-08,0.0445
Rodrigo De Paul,2024-09,0.0445
Rodrigo De Paul,2024-10,0.0334
Rodrigo De Paul,2024-11,0.0278
Rodrigo De Paul,2024-12,0.0356
Rodrigo De Paul,2025-01,0.0222
Rodrigo De Paul,2025-02,0.0222
Rodrigo De Paul,2025-03,0.0578
Rodrigo De Paul,2025-04,0.0222
Rodrigo De Paul,2025-05,0.0222
Rodrigo De Paul,2025-06,0.0267
Rodrigo De Paul,2025-07,0.1446
Frenkie de Jong,2024-07,0.0445
Frenkie de Jong,2024-08,0.1
Frenkie de Jong,2024-09,0.0845
Frenkie de Jong,2024-10,0.0611
Frenkie de Jong,2024-11,0.0556
Frenkie de Jong,2024-12,0.04
Frenkie de Jong,2025-01,0.0556
Frenkie de Jong,2025-02,0.0445
Frenkie de Jong,2025-03,0.0489
Frenkie de Jong,2025-04,0.0556
Frenkie de Jong,2025-05,0.0723
Frenkie de Jong,2025-06,0.0267
Frenkie de Jong,2025-07,0.0222
Ousmane Dembélé,2024-07,0.0111
Ousmane Dembélé,2024-08,0.0111
Ousmane Dembélé,2024-09,0.0222
Ousmane Dembélé,2024-10,0.0139
Ousmane Dembélé,2024-11,0.0139
Ousmane Dembélé,2024-12,0.0111
Ousmane Dembélé,2025-01,0.0167
Ousmane Dembélé,2025-02,0.0278
Ousmane Dembélé,2025-03,0.0356
Ousmane Dembélé,2025-04,0.0389
Ousmane Dembélé,2025-05,0.0556
Ousmane Dembélé,2025-06,0.0489
Ousmane Dembélé,2025-07,0.0556
Federico Dimarco,2024-07,0.0111
Federico Dimarco,2024-08,0.0139
Federico Dimarco,2024-09,0.0445
Federico Dimarco,2024-10,0.0278
Federico Dimarco,2024-11,0.0222
Federico Dimarco,2024-12,0.0222
Federico Dimarco,2025-01,0.0222
Federico Dimarco,2025-02,0.0222
Federico Dimarco,2025-03,0.0267
Federico Dimarco,2025-04,0.0389
Federico Dimarco,2025-05,0.05
Federico Dimarco,2025-06,0.0267
Federico Dimarco,2025-07,0.0167
Jérémy Doku,2024-07,0.0222
Jérémy Doku,2024-08,0.0389
Jérémy Doku,2024-09,0.04
Jérémy Doku,2024-10,0.0389
Jérémy Doku,2024-11,0.0222
Jérémy Doku,2024-12,0.0311
Jérémy Doku,2025-01,0.0334
Jérémy Doku,2025-02,0.0445
Jérémy Doku,2025-03,0.0222
Jérémy Doku,2025-04,0.0222
Jérémy Doku,2025-05,0.0222
Jérémy Doku,2025-06,0.0489
Jérémy Doku,2025-07,0.0334
Gianluigi Donnarumma,2024-07,0.0222
Gianluigi Donnarumma,2024-08,0.0222
Gianluigi Donnarumma,2024-09,0.0534
Gianluigi Donnarumma,2024-10,0.0278
Gianluigi Donnarumma,2024-11,0.0389
Gianluigi Donnarumma,2024-12,0.1645
Gianluigi Donnarumma,2025-01,0.05
Gianluigi Donnarumma,2025-02,0.0389
Gianluigi Donnarumma,2025-03,0.1245
Gianluigi Donnarumma,2025-04,0.1
Gianluigi Donnarumma,2025-05,0.1723
Gianluigi Donnarumma,2025-06,0.1245
Gianluigi Donnarumma,2025-07,0.2446
Désiré Doué,2024-07,0.0222
Désiré Doué,2024-08,0.05
Désiré Doué,2024-09,0.0178
Désiré Doué,2024-10,0.0111
Désiré Doué,2024-11,0.0111
Désiré Doué,2024-12,0.0222
Désiré Doué,2025-01,0.0222
Désiré Doué,2025-02,0.0278
Désiré Doué,2025-03,0.0845
Désiré Doué,2025-04,0.1945
Désiré Doué,2025-05,0.3335
Désiré Doué,2025-06,0.4224
Désiré Doué,2025-07,0.189
Hugo Ekitiké,2024-07,0.0111
Hugo Ekitiké,2024-08,0.0139
Hugo Ekitiké,2024-09,0.0133
Hugo Ekitiké,2024-10,0.0139
Hugo Ekitiké,2024-11,0.0139
Hugo Ekitiké,2024-12,0.0111
Hugo Ekitiké,2025-01,0.0167
Hugo Ekitiké,2025-02,0.0139
Hugo Ekitiké,2025-03,0.0222
Hugo Ekitiké,2025-04,0.0222
Hugo Ekitiké,2025-05,0.0445
Hugo Ekitiké,2025-06,0.0623
Hugo Ekitiké,2025-07,0.2113
Enzo Fernández,2024-07,0.1334
Enzo Fernández,2024-08,0.0612
Enzo Fernández,2024-09,0.04
Enzo Fernández,2024-10,0.089
Enzo Fernández,2024-11,0.1056
Enzo Fernández,2024-12,0.0756
Enzo Fernández,2025-01,0.0445
Enzo Fernández,2025-02,0.0278
Enzo Fernández,2025-03,0.0623
Enzo Fernández,2025-04,0.0278
Enzo Fernández,2025-05,0.0778
Enzo Fernández,2025-06,0.0712
Enzo Fernández,2025-07,0.1446
Estêvão,2024-07,0.0445
Estêvão,2024-08,0.0445
Estêvão,2024-09,0.0578
Estêvão,2024-10,0.0334
Estêvão,2024-11,0.0445
Estêvão,2024-12,0.04
Estêvão,2025-01,0.0222
Estêvão,2025-02,0.0278
Estêvão,2025-03,0.0489
Estêvão,2025-04,0.0278
Estêvão,2025-05,0.0723
Estêvão,2025-06,0.1423
Estêvão,2025-07,0.089
Eberechi Eze,2024-07,0.0222
Eberechi Eze,2024-08,0.0445
Eberechi Eze,2024-09,0.0267
Eberechi Eze,2024-10,0.0167
Eberechi Eze,2024-11,0.0111
Eberechi Eze,2024-12,0.02
Eberechi Eze,2025-01,0.0167
Eberechi Eze,2025-02,0.0167
Eberechi Eze,2025-03,0.02
Eberechi Eze,2025-04,0.0278
Eberechi Eze,2025-05,0.0667
Eberechi Eze,2025-06,0.0711
Eberechi Eze,2025-07,0.1223
Fabián Ruiz,2024-07,0.0222
Fabián Ruiz,2024-08,0.0222
Fabián Ruiz,2024-09,0.0422
Fabián Ruiz,2024-10,0.0195
Fabián Ruiz,2024-11,0.0167
Fabián Ruiz,2024-12,0.0178
Fabián Ruiz,2025-01,0.025
Fabián Ruiz,2025-02,0.0222
Fabián Ruiz,2025-03,0.04
Fabián Ruiz,2025-04,0.0389
Fabián Ruiz,2025-05,0.0778
Fabián Ruiz,2025-06,0.0578
Fabián Ruiz,2025-07,0.1334
Fermín López,2024-07,0.089
Fermín López,2024-08,0.1279
Fermín López,2024-09,0.0356
Fermín López,2024-10,0.0556
Fermín López,2024-11,0.0278
Fermín López,2024-12,0.0222
Fermín López,2025-01,0.0389
Fermín López,2025-02,0.0389
Fermín López,2025-03,0.0267
Fermín López,2025-04,0.0612
Fermín López,2025-05,0.089
Fermín López,2025-06,0.0311
Fermín López,2025-07,0.0222
Phil Foden,2024-07,0.1112
Phil Foden,2024-08,0.1501
Phil Foden,2024-09,0.1246
Phil Foden,2024-10,0.1056
Phil Foden,2024-11,0.089
Phil Foden,2024-12,0.0934
Phil Foden,2025-01,0.1001
Phil Foden,2025-02,0.1112
Phil Foden,2025-03,0.0667
Phil Foden,2025-04,0.1446
Phil Foden,2025-05,0.0723
Phil Foden,2025-06,0.089
Phil Foden,2025-07,0.0667
Jeremie Frimpong,2024-07,0.0222
Jeremie Frimpong,2024-08,0.0334
Jeremie Frimpong,2024-09,0.0267
Jeremie Frimpong,2024-10,0.0222
Jeremie Frimpong,2024-11,0.0222
Jeremie Frimpong,2024-12,0.0222
Jeremie Frimpong,2025-01,0.0222
Jeremie Frimpong,2025-02,0.0222
Jeremie Frimpong,2025-03,0.0489
Jeremie Frimpong,2025-04,0.0222
Jeremie Frimpong,2025-05,0.228
Jeremie Frimpong,2025-06,0.0667
Jeremie Frimpong,2025-07,0.0334
Cody Gakpo,2024-07,0.0222
Cody Gakpo,2024-08,0.0222
Cody Gakpo,2024-09,0.0489
Cody Gakpo,2024-10,0.0278
Cody Gakpo,2024-11,0.0389
Cody Gakpo,2024-12,0.0489
Cody Gakpo,2025-01,0.05
Cody Gakpo,2025-02,0.0445
Cody Gakpo,2025-03,0.0356
Cody Gakpo,2025-04,0.0334
Cody Gakpo,2025-05,0.0278
Cody Gakpo,2025-06,0.0222
Cody Gakpo,2025-07,0.0222
Morgan Gibbs-White,2024-07,0.0111
Morgan Gibbs-White,2024-08,0.0139
Morgan Gibbs-White,2024-09,0.0178
Morgan Gibbs-White,2024-10,0.0139
Morgan Gibbs-White,2024-11,0.0139
Morgan Gibbs-White,2024-12,0.0178
Morgan Gibbs-White,2025-01,0.0306
Morgan Gibbs-White,2025-02,0.0111
Morgan Gibbs-White,2025-03,0.0222
Morgan Gibbs-White,2025-04,0.0195
Morgan Gibbs-White,2025-05,0.0222
Morgan Gibbs-White,2025-06,0.0156
Morgan Gibbs-White,2025-07,0.1557
Ryan Gravenberch,2024-07,0.0111
Ryan Gravenberch,2024-08,0.0195
Ryan Gravenberch,2024-09,0.0445
Ryan Gravenberch,2024-10,0.0222
Ryan Gravenberch,2024-11,0.0278
Ryan Gravenberch,2024-12,0.0267
Ryan Gravenberch,2025-01,0.0278
Ryan Gravenberch,2025-02,0.0222
Ryan Gravenberch,2025-03,0.0178
Ryan Gravenberch,2025-04,0.0222
Ryan Gravenberch,2025-05,0.0333
Ryan Gravenberch,2025-06,0.0178
Ryan Gravenberch,2025-07,0.0167
Mason Greenwood,2024-07,0.0445
Mason Greenwood,2024-08,0.1223
Mason Greenwood,2024-09,0.1023
Mason Greenwood,2024-10,0.0556
Mason Greenwood,2024-11,0.05
Mason Greenwood,2024-12,0.0578
Mason Greenwood,2025-01,0.0612
Mason Greenwood,2025-02,0.0612
Mason Greenwood,2025-03,0.0534
Mason Greenwood,2025-04,0.05
Mason Greenwood,2025-05,0.0667
Mason Greenwood,2025-06,0.04
Mason Greenwood,2025-07,0.0445
Antoine Griezmann,2024-07,0.1334
Antoine Griezmann,2024-08,0.0945
Antoine Griezmann,2024-09,0.2091
Antoine Griezmann,2024-10,0.1056
Antoine Griezmann,2024-11,0.089
Antoine Griezmann,2024-12,0.1068
Antoine Griezmann,2025-01,0.0834
Antoine Griezmann,2025-02,0.089
Antoine Griezmann,2025-03,0.1201
Antoine Griezmann,2025-04,0.0778
Antoine Griezmann,2025-05,0.0723
Antoine Griezmann,2025-06,0.1068
Antoine Griezmann,2025-07,0.0556
Álex Grimaldo,2024-07,0.0222
Álex Grimaldo,2024-08,0.0222
Álex Grimaldo,2024-09,0.0267
Álex Grimaldo,2024-10,0.0195
Álex Grimaldo,2024-11,0.0222
Álex Grimaldo,2024-12,0.0156
Álex Grimaldo,2025-01,0.0195
Álex Grimaldo,2025-02,0.0139
Álex Grimaldo,2025-03,0.02
Álex Grimaldo,2025-04,0.0139
Álex Grimaldo,2025-05,0.0334
Álex Grimaldo,2025-06,0.0245
Álex Grimaldo,2025-07,0.0167
Arda Güler,2024-07,0.2669
Arda Güler,2024-08,0.228
Arda Güler,2024-09,0.1868
Arda Güler,2024-10,0.1779
Arda Güler,2024-11,0.1668
Arda Güler,2024-12,0.1512
Arda Güler,2025-01,0.139
Arda Güler,2025-02,0.1056
Arda Güler,2025-03,0.1468
Arda Güler,2025-04,0.1557
Arda Güler,2025-05,0.2224
Arda Güler,2025-06,0.1601
Arda Güler,2025-07,0.2447
Viktor Gyökeres,2024-07,0.1112
Viktor Gyökeres,2024-08,0.0834
Viktor Gyökeres,2024-09,0.1201
Viktor Gyökeres,2024-10,0.1167
Viktor Gyökeres,2024-11,0.5336
Viktor Gyökeres,2024-12,0.1245
Viktor Gyökeres,2025-01,0.1556
Viktor Gyökeres,2025-02,0.0889
Viktor Gyökeres,2025-03,0.0889
Viktor Gyökeres,2025-04,0.1278
Viktor Gyökeres,2025-05,0.3835
Viktor Gyökeres,2025-06,0.4446
Viktor Gyökeres,2025-07,0.956
Erling Haaland,2024-07,0.3335
Erling Haaland,2024-08,0.4724
Erling Haaland,2024-09,0.6536
Erling Haaland,2024-10,0.5614
Erling Haaland,2024-11,0.3668
Erling Haaland,2024-12,0.3735
Erling Haaland,2025-01,0.4335
Erling Haaland,2025-02,0.5336
Erling Haaland,2025-03,0.289
Erling Haaland,2025-04,0.2779
Erling Haaland,2025-05,0.2723
Erling Haaland,2025-06,0.2979
Erling Haaland,2025-07,0.2223
Kai Havertz,2024-07,0.0667
Kai Havertz,2024-08,0.0667
Kai Havertz,2024-09,0.0756
Kai Havertz,2024-10,0.0667
Kai Havertz,2024-11,0.0612
Kai Havertz,2024-12,0.0623
Kai Havertz,2025-01,0.0834
Kai Havertz,2025-02,0.0723
Kai Havertz,2025-03,0.0356
Kai Havertz,2025-04,0.05
Kai Havertz,2025-05,0.0445
Kai Havertz,2025-06,0.0356
Kai Havertz,2025-07,0.0667
Dean Huijsen,2024-07,0.0222
Dean Huijsen,2024-08,0.0111
Dean Huijsen,2024-09,0.0111
Dean Huijsen,2024-10,0.0111
Dean Huijsen,2024-11,0.0111
Dean Huijsen,2024-12,0.04
Dean Huijsen,2025-01,0.0334
Dean Huijsen,2025-02,0.0222
Dean Huijsen,2025-03,0.129
Dean Huijsen,2025-04,0.0556
Dean Huijsen,2025-05,0.3003
Dean Huijsen,2025-06,0.2758
Dean Huijsen,2025-07,0.1223
Alexander Isak,2024-07,0.0222
Alexander Isak,2024-08,0.0278
Alexander Isak,2024-09,0.0445
Alexander Isak,2024-10,0.0333
Alexander Isak,2024-11,0.0445
Alexander Isak,2024-12,0.1023
Alexander Isak,2025-01,0.1667
Alexander Isak,2025-02,0.1278
Alexander Isak,2025-03,0.1289
Alexander Isak,2025-04,0.0778
Alexander Isak,2025-05,0.1056
Alexander Isak,2025-06,0.1245
Alexander Isak,2025-07,0.3001
Isco,2024-07,0.0222
Isco,2024-08,0.0389
Isco,2024-09,0.0356
Isco,2024-10,0.0222
Isco,2024-11,0.0222
Isco,2024-12,0.0356
Isco,2025-01,0.0278
Isco,2025-02,0.0834
Isco,2025-03,0.0667
Isco,2025-04,0.0445
Isco,2025-05,0.0834
Isco,2025-06,0.0667
Isco,2025-07,0.0222
Joan García,2024-07,0.0111
Joan García,2024-08,0.025
Joan García,2024-09,0.0111
Joan García,2024-10,0.0111
Joan García,2024-11,0.0111
Joan García,2024-12,0.0111
Joan García,2025-01,0.0111
Joan García,2025-02,0.0139
Joan García,2025-03,0.0111
Joan García,2025-04,0.0167
Joan García,2025-05,0.089
Joan García,2025-06,0.1334
Joan García,2025-07,0.0222
Jonathan David,2024-07,0.0222
Jonathan David,2024-08,0.0278
Jonathan David,2024-09,0.0356
Jonathan David,2024-10,0.0278
Jonathan David,2024-11,0.05
Jonathan David,2024-12,0.0311
Jonathan David,2025-01,0.0389
Jonathan David,2025-02,0.0278
Jonathan David,2025-03,0.0356
Jonathan David,2025-04,0.0222
Jonathan David,2025-05,0.0612
Jonathan David,2025-06,0.0979
Jonathan David,2025-07,0.0334
Harry Kane,2024-07,0.1112
Harry Kane,2024-08,0.1389
Harry Kane,2024-09,0.1867
Harry Kane,2024-10,0.1723
Harry Kane,2024-11,0.1612
Harry Kane,2024-12,0.1289
Harry Kane,2025-01,0.1112
Harry Kane,2025-02,0.1445
Harry Kane,2025-03,0.1423
Harry Kane,2025-04,0.1667
Harry Kane,2025-05,0.2501
Harry Kane,2025-06,0.1423
Harry Kane,2025-07,0.0778
Miloš Kerkez,2024-07,0.0111
Miloš Kerkez,2024-08,0.0111
Miloš Kerkez,2024-09,0.0111
Miloš Kerkez,2024-10,0.0111
Miloš Kerkez,2024-11,0.0195
Miloš Kerkez,2024-12,0.0222
Miloš Kerkez,2025-01,0.0389
Miloš Kerkez,2025-02,0.0167
Miloš Kerkez,2025-03,0.0222
Miloš Kerkez,2025-04,0.0278
Miloš Kerkez,2025-05,0.0834
Miloš Kerkez,2025-06,0.1246
Miloš Kerkez,2025-07,0.0334
Joshua Kimmich,2024-07,0.0667
Joshua Kimmich,2024-08,0.0556
Joshua Kimmich,2024-09,0.0622
Joshua Kimmich,2024-10,0.05
Joshua Kimmich,2024-11,0.0389
Joshua Kimmich,2024-12,0.0356
Joshua Kimmich,2025-01,0.0611
Joshua Kimmich,2025-02,0.0667
Joshua Kimmich,2025-03,0.0845
Joshua Kimmich,2025-04,0.0333
Joshua Kimmich,2025-05,0.0222
Joshua Kimmich,2025-06,0.0711
Joshua Kimmich,2025-07,0.0222
Ibrahima Konaté,2024-07,0.0111
Ibrahima Konaté,2024-08,0.0222
Ibrahima Konaté,2024-09,0.0222
Ibrahima Konaté,2024-10,0.0334
Ibrahima Konaté,2024-11,0.05
Ibrahima Konaté,2024-12,0.0356
Ibrahima Konaté,2025-01,0.0222
Ibrahima Konaté,2025-02,0.0222
Ibrahima Konaté,2025-03,0.0356
Ibrahima Konaté,2025-04,0.0222
Ibrahima Konaté,2025-05,0.0278
Ibrahima Konaté,2025-06,0.0445
Ibrahima Konaté,2025-07,0.1001
Jules Koundé,2024-07,0.0222
Jules Koundé,2024-08,0.0278
Jules Koundé,2024-09,0.0667
Jules Koundé,2024-10,0.0611
Jules Koundé,2024-11,0.0611
Jules Koundé,2024-12,0.0311
Jules Koundé,2025-01,0.0667
Jules Koundé,2025-02,0.0278
Jules Koundé,2025-03,0.0445
Jules Koundé,2025-04,0.1667
Jules Koundé,2025-05,0.0723
Jules Koundé,2025-06,0.0311
Jules Koundé,2025-07,0.0222
Mohammed Kudus,2024-07,0.0222
Mohammed Kudus,2024-08,0.0222
Mohammed Kudus,2024-09,0.0222
Mohammed Kudus,2024-10,0.0334
Mohammed Kudus,2024-11,0.0222
Mohammed Kudus,2024-12,0.0267
Mohammed Kudus,2025-01,0.0195
Mohammed Kudus,2025-02,0.0195
Mohammed Kudus,2025-03,0.0178
Mohammed Kudus,2025-04,0.0167
Mohammed Kudus,2025-05,0.0222
Mohammed Kudus,2025-06,0.04
Mohammed Kudus,2025-07,0.1223
Rafael Leão,2024-07,0.0889
Rafael Leão,2024-08,0.1112
Rafael Leão,2024-09,0.1067
Rafael Leão,2024-10,0.0611
Rafael Leão,2024-11,0.0778
Rafael Leão,2024-12,0.0578
Rafael Leão,2025-01,0.0778
Rafael Leão,2025-02,0.0611
Rafael Leão,2025-03,0.0445
Rafael Leão,2025-04,0.0389
Rafael Leão,2025-05,0.0723
Rafael Leão,2025-06,0.1423
Rafael Leão,2025-07,0.0667
Robert Lewandowski,2024-07,0.2001
Robert Lewandowski,2024-08,0.2334
Robert Lewandowski,2024-09,0.249
Robert Lewandowski,2024-10,0.5224
Robert Lewandowski,2024-11,0.3335
Robert Lewandowski,2024-12,0.2134
Robert Lewandowski,2025-01,0.3112
Robert Lewandowski,2025-02,0.2557
Robert Lewandowski,2025-03,0.2979
Robert Lewandowski,2025-04,0.4947
Robert Lewandowski,2025-05,0.428
Robert Lewandowski,2025-06,0.2668
Robert Lewandowski,2025-07,0.2001
Ademola Lookman,2024-07,0.0222
Ademola Lookman,2024-08,0.1279
Ademola Lookman,2024-09,0.0534
Ademola Lookman,2024-10,0.0334
Ademola Lookman,2024-11,0.0389
Ademola Lookman,2024-12,0.0979
Ademola Lookman,2025-01,0.0445
Ademola Lookman,2025-02,0.0778
Ademola Lookman,2025-03,0.0267
Ademola Lookman,2025-04,0.0222
Ademola Lookman,2025-05,0.0389
Ademola Lookman,2025-06,0.0311
Ademola Lookman,2025-07,0.1223
Luis Díaz,2024-07,0.0445
Luis Díaz,2024-08,0.1056
Luis Díaz,2024-09,0.0978
Luis Díaz,2024-10,0.0611
Luis Díaz,2024-11,0.0834
Luis Díaz,2024-12,0.0711
Luis Díaz,2025-01,0.0556
Luis Díaz,2025-02,0.0556
Luis Díaz,2025-03,0.0578
Luis Díaz,2025-04,0.0556
Luis Díaz,2025-05,0.1
Luis Díaz,2025-06,0.1645
Luis Díaz,2025-07,0.3112
Mike Maignan,2024-07,0.0222
Mike Maignan,2024-08,0.0222
Mike Maignan,2024-09,0.0356
Mike Maignan,2024-10,0.0222
Mike Maignan,2024-11,0.0222
Mike Maignan,2024-12,0.0156
Mike Maignan,2025-01,0.0167
Mike Maignan,2025-02,0.0222
Mike Maignan,2025-03,0.0267
Mike Maignan,2025-04,0.0306
Mike Maignan,2025-05,0.0222
Mike Maignan,2025-06,0.0756
Mike Maignan,2025-07,0.0334
Omar Marmoush,2024-07,0.0111
Omar Marmoush,2024-08,0.0139
Omar Marmoush,2024-09,0.0356
Omar Marmoush,2024-10,0.1279
Omar Marmoush,2024-11,0.1168
Omar Marmoush,2024-12,0.0934
Omar Marmoush,2025-01,0.5171
Omar Marmoush,2025-02,0.3225
Omar Marmoush,2025-03,0.0801
Omar Marmoush,2025-04,0.0778
Omar Marmoush,2025-05,0.0834
Omar Marmoush,2025-06,0.0534
Omar Marmoush,2025-07,0.0222
Kylian Mbappé,2024-07,1.2439
Kylian Mbappé,2024-08,1.3137
Kylian Mbappé,2024-09,1.0865
Kylian Mbappé,2024-10,1.4597
Kylian Mbappé,2024-11,0.9774
Kylian Mbappé,2024-12,0.99
Kylian Mbappé,2025-01,0.8695
Kylian Mbappé,2025-02,0.971
Kylian Mbappé,2025-03,0.8377
Kylian Mbappé,2025-04,1.0852
Kylian Mbappé,2025-05,1.2058
Kylian Mbappé,2025-06,1.0408
Kylian Mbappé,2025-07,0.9012
Bryan Mbeumo,2024-07,0.0111
Bryan Mbeumo,2024-08,0.0167
Bryan Mbeumo,2024-09,0.0222
Bryan Mbeumo,2024-10,0.0278
Bryan Mbeumo,2024-11,0.0222
Bryan Mbeumo,2024-12,0.0311
Bryan Mbeumo,2025-01,0.0389
Bryan Mbeumo,2025-02,0.0195
Bryan Mbeumo,2025-03,0.0222
Bryan Mbeumo,2025-04,0.0222
Bryan Mbeumo,2025-05,0.0723
Bryan Mbeumo,2025-06,0.3246
Bryan Mbeumo,2025-07,0.4113
Mikel Merino,2024-07,0.2224
Mikel Merino,2024-08,0.2613
Mikel Merino,2024-09,0.04
Mikel Merino,2024-10,0.0389
Mikel Merino,2024-11,0.0222
Mikel Merino,2024-12,0.0267
Mikel Merino,2025-01,0.0222
Mikel Merino,2025-02,0.0556
Mikel Merino,2025-03,0.0534
Mikel Merino,2025-04,0.0945
Mikel Merino,2025-05,0.0334
Mikel Merino,2025-06,0.0378
Mikel Merino,2025-07,0.0222
Lionel Messi,2024-07,2.4792
Lionel Messi,2024-08,2.3198
Lionel Messi,2024-09,2.5358
Lionel Messi,2024-10,2.8333
Lionel Messi,2024-11,2.3464
Lionel Messi,2024-12,2.4367
Lionel Messi,2025-01,2.1781
Lionel Messi,2025-02,2.2667
Lionel Messi,2025-03,2.2029
Lionel Messi,2025-04,2.187
Lionel Messi,2025-05,2.2135
Lionel Messi,2025-06,3.0104
Lionel Messi,2025-07,2.3021
Daniel Muñoz,2024-07,0.0111
Daniel Muñoz,2024-08,0.0167
Daniel Muñoz,2024-09,0.02
Daniel Muñoz,2024-10,0.0167
Daniel Muñoz,2024-11,0.0111
Daniel Muñoz,2024-12,0.0156
Daniel Muñoz,2025-01,0.0111
Daniel Muñoz,2025-02,0.0167
Daniel Muñoz,2025-03,0.0156
Daniel Muñoz,2025-04,0.0111
Daniel Muñoz,2025-05,0.0195
Daniel Muñoz,2025-06,0.0133
Daniel Muñoz,2025-07,0.0111
Murillo,2024-07,0.0111
Murillo,2024-08,0.0111
Murillo,2024-09,0.0111
Murillo,2024-10,0.0139
Murillo,2024-11,0.0167
Murillo,2024-12,0.0156
Murillo,2025-01,0.0222
Murillo,2025-02,0.0111
Murillo,2025-03,0.0334
Murillo,2025-04,0.0111
Murillo,2025-05,0.0139
Murillo,2025-06,0.0111
Murillo,2025-07,0.0111
Jamal Musiala,2024-07,0.0889
Jamal Musiala,2024-08,0.0667
Jamal Musiala,2024-09,0.0978
Jamal Musiala,2024-10,0.0834
Jamal Musiala,2024-11,0.0889
Jamal Musiala,2024-12,0.0845
Jamal Musiala,2025-01,0.0667
Jamal Musiala,2025-02,0.0834
Jamal Musiala,2025-03,0.0889
Jamal Musiala,2025-04,0.0723
Jamal Musiala,2025-05,0.0667
Jamal Musiala,2025-06,0.369
Jamal Musiala,2025-07,0.9782
Manuel Neuer,2024-07,0.0667
Manuel Neuer,2024-08,0.1501
Manuel Neuer,2024-09,0.0979
Manuel Neuer,2024-10,0.0834
Manuel Neuer,2024-11,0.0667
Manuel Neuer,2024-12,0.1023
Manuel Neuer,2025-01,0.0667
Manuel Neuer,2025-02,0.0612
Manuel Neuer,2025-03,0.089
Manuel Neuer,2025-04,0.0778
Manuel Neuer,2025-05,0.0667
Manuel Neuer,2025-06,0.1201
Manuel Neuer,2025-07,0.1001
Nico Williams,2024-07,0.7781
Nico Williams,2024-08,0.4113
Nico Williams,2024-09,0.1112
Nico Williams,2024-10,0.0778
Nico Williams,2024-11,0.0611
Nico Williams,2024-12,0.0889
Nico Williams,2025-01,0.0834
Nico Williams,2025-02,0.0611
Nico Williams,2025-03,0.0845
Nico Williams,2025-04,0.0945
Nico Williams,2025-05,0.1389
Nico Williams,2025-06,0.5869
Nico Williams,2025-07,0.189
Nuno Mendes,2024-07,0.0111
Nuno Mendes,2024-08,0.0111
Nuno Mendes,2024-09,0.0178
Nuno Mendes,2024-10,0.0139
Nuno Mendes,2024-11,0.0167
Nuno Mendes,2024-12,0.0267
Nuno Mendes,2025-01,0.0195
Nuno Mendes,2025-02,0.0139
Nuno Mendes,2025-03,0.0311
Nuno Mendes,2025-04,0.0333
Nuno Mendes,2025-05,0.0389
Nuno Mendes,2025-06,0.2623
Nuno Mendes,2025-07,0.0778
Jan Oblak,2024-07,0.0222
Jan Oblak,2024-08,0.0278
Jan Oblak,2024-09,0.0311
Jan Oblak,2024-10,0.0222
Jan Oblak,2024-11,0.0222
Jan Oblak,2024-12,0.0222
Jan Oblak,2025-01,0.0222
Jan Oblak,2025-02,0.0278
Jan Oblak,2025-03,0.0356
Jan Oblak,2025-04,0.0278
Jan Oblak,2025-05,0.0222
Jan Oblak,2025-06,0.0222
Jan Oblak,2025-07,0.0111
Martin Ødegaard,2024-07,0.0445
Martin Ødegaard,2024-08,0.0556
Martin Ødegaard,2024-09,0.1156
Martin Ødegaard,2024-10,0.0723
Martin Ødegaard,2024-11,0.0667
Martin Ødegaard,2024-12,0.0578
Martin Ødegaard,2025-01,0.0556
Martin Ødegaard,2025-02,0.0556
Martin Ødegaard,2025-03,0.0489
Martin Ødegaard,2025-04,0.0889
Martin Ødegaard,2025-05,0.0556
Martin Ødegaard,2025-06,0.04
Martin Ødegaard,2025-07,0.0333
Victor Osimhen,2024-07,0.2606
Victor Osimhen,2024-08,0.6059
Victor Osimhen,2024-09,0.7766
Victor Osimhen,2024-10,0.1955
Victor Osimhen,2024-11,0.2411
Victor Osimhen,2024-12,0.1772
Victor Osimhen,2025-01,0.2085
Victor Osimhen,2025-02,0.1629
Victor Osimhen,2025-03,0.172
Victor Osimhen,2025-04,0.1955
Victor Osimhen,2025-05,0.3583
Victor Osimhen,2025-06,0.3857
Victor Osimhen,2025-07,0.6124
Willian Pacho,2024-07,0.0111
Willian Pacho,2024-08,0.05
Willian Pacho,2024-09,0.0178
Willian Pacho,2024-10,0.0139
Willian Pacho,2024-11,0.0167
Willian Pacho,2024-12,0.0111
Willian Pacho,2025-01,0.0167
Willian Pacho,2025-02,0.0139
Willian Pacho,2025-03,0.0378
Willian Pacho,2025-04,0.0389
Willian Pacho,2025-05,0.0612
Willian Pacho,2025-06,0.0712
Willian Pacho,2025-07,0.0556
Cole Palmer,2024-07,0.1112
Cole Palmer,2024-08,0.1667
Cole Palmer,2024-09,0.2623
Cole Palmer,2024-10,0.2668
Cole Palmer,2024-11,0.2001
Cole Palmer,2024-12,0.2979
Cole Palmer,2025-01,0.1723
Cole Palmer,2025-02,0.1278
Cole Palmer,2025-03,0.1245
Cole Palmer,2025-04,0.0889
Cole Palmer,2025-05,0.1501
Cole Palmer,2025-06,0.1245
Cole Palmer,2025-07,0.767
Nico Paz,2024-07,0.0222
Nico Paz,2024-08,0.0612
Nico Paz,2024-09,0.0356
Nico Paz,2024-10,0.0834
Nico Paz,2024-11,0.0222
Nico Paz,2024-12,0.0356
Nico Paz,2025-01,0.0389
Nico Paz,2025-02,0.0389
Nico Paz,2025-03,0.0445
Nico Paz,2025-04,0.0195
Nico Paz,2025-05,0.05
Nico Paz,2025-06,0.0445
Nico Paz,2025-07,0.0222
Pedri,2024-07,0.0889
Pedri,2024-08,0.0889
Pedri,2024-09,0.0756
Pedri,2024-10,0.1223
Pedri,2024-11,0.0834
Pedri,2024-12,0.0756
Pedri,2025-01,0.1056
Pedri,2025-02,0.1167
Pedri,2025-03,0.1645
Pedri,2025-04,0.2668
Pedri,2025-05,0.2223
Pedri,2025-06,0.169
Pedri,2025-07,0.1112
Christian Pulisic,2024-07,0.0667
Christian Pulisic,2024-08,0.0445
Christian Pulisic,2024-09,0.0623
Christian Pulisic,2024-10,0.0667
Christian Pulisic,2024-11,0.0612
Christian Pulisic,2024-12,0.0534
Christian Pulisic,2025-01,0.0667
Christian Pulisic,2025-02,0.0556
Christian Pulisic,2025-03,0.0445
Christian Pulisic,2025-04,0.0278
Christian Pulisic,2025-05,0.0445
Christian Pulisic,2025-06,0.0489
Christian Pulisic,2025-07,0.0667
Raphinha,2024-07,0.0445
Raphinha,2024-08,0.0445
Raphinha,2024-09,0.0711
Raphinha,2024-10,0.2223
Raphinha,2024-11,0.1112
Raphinha,2024-12,0.0845
Raphinha,2025-01,0.2279
Raphinha,2025-02,0.1112
Raphinha,2025-03,0.2623
Raphinha,2025-04,0.2779
Raphinha,2025-05,0.2779
Raphinha,2025-06,0.1112
Raphinha,2025-07,0.0778
Marcus Rashford,2024-07,0.089
Marcus Rashford,2024-08,0.0945
Marcus Rashford,2024-09,0.0979
Marcus Rashford,2024-10,0.0834
Marcus Rashford,2024-11,0.0834
Marcus Rashford,2024-12,0.2891
Marcus Rashford,2025-01,0.4226
Marcus Rashford,2025-02,0.3225
Marcus Rashford,2025-03,0.1023
Marcus Rashford,2025-04,0.1223
Marcus Rashford,2025-05,0.1334
Marcus Rashford,2025-06,0.1334
Marcus Rashford,2025-07,0.4003
David Raya,2024-07,0.0222
David Raya,2024-08,0.025
David Raya,2024-09,0.0578
David Raya,2024-10,0.0278
David Raya,2024-11,0.0222
David Raya,2024-12,0.0222
David Raya,2025-01,0.0222
David Raya,2025-02,0.0139
David Raya,2025-03,0.0222
David Raya,2025-04,0.0445
David Raya,2025-05,0.0278
David Raya,2025-06,0.02
David Raya,2025-07,0.0222
Tijjani Reijnders,2024-07,0.0111
Tijjani Reijnders,2024-08,0.0139
Tijjani Reijnders,2024-09,0.0445
Tijjani Reijnders,2024-10,0.0334
Tijjani Reijnders,2024-11,0.0556
Tijjani Reijnders,2024-12,0.04
Tijjani Reijnders,2025-01,0.0278
Tijjani Reijnders,2025-02,0.0278
Tijjani Reijnders,2025-03,0.0356
Tijjani Reijnders,2025-04,0.0278
Tijjani Reijnders,2025-05,0.0778
Tijjani Reijnders,2025-06,0.1334
Tijjani Reijnders,2025-07,0.0222
Mateo Retegui,2024-07,0.0111
Mateo Retegui,2024-08,0.0445
Mateo Retegui,2024-09,0.0356
Mateo Retegui,2024-10,0.0445
Mateo Retegui,2024-11,0.0445
Mateo Retegui,2024-12,0.0356
Mateo Retegui,2025-01,0.0389
Mateo Retegui,2025-02,0.05
Mateo Retegui,2025-03,0.0311
Mateo Retegui,2025-04,0.0278
Mateo Retegui,2025-05,0.0334
Mateo Retegui,2025-06,0.0245
Mateo Retegui,2025-07,0.089
Rodri,2024-07,0.0837
Rodri,2024-08,0.1046
Rodri,2024-09,0.251
Rodri,2024-10,1.1087
Rodri,2024-11,0.2301
Rodri,2024-12,0.1422
Rodri,2025-01,0.0837
Rodri,2025-02,0.1255
Rodri,2025-03,0.0669
Rodri,2025-04,0.0837
Rodri,2025-05,0.0941
Rodri,2025-06,0.0837
Rodri,2025-07,0.0628
Rodrygo,2024-07,0.089
Rodrygo,2024-08,0.139
Rodrygo,2024-09,0.1201
Rodrygo,2024-10,0.1223
Rodrygo,2024-11,0.0945
Rodrygo,2024-12,0.1023
Rodrygo,2025-01,0.1557
Rodrygo,2025-02,0.1223
Rodrygo,2025-03,0.129
Rodrygo,2025-04,0.1279
Rodrygo,2025-05,0.2725
Rodrygo,2025-06,0.169
Rodrygo,2025-07,0.4003
Morgan Rogers,2024-07,0.0111
Morgan Rogers,2024-08,0.0361
Morgan Rogers,2024-09,0.0222
Morgan Rogers,2024-10,0.0167
Morgan Rogers,2024-11,0.0195
Morgan Rogers,2024-12,0.0334
Morgan Rogers,2025-01,0.025
Morgan Rogers,2025-02,0.0278
Morgan Rogers,2025-03,0.0267
Morgan Rogers,2025-04,0.0278
Morgan Rogers,2025-05,0.0195
Morgan Rogers,2025-06,0.0178
Morgan Rogers,2025-07,0.0334
Antonio Rüdiger,2024-07,0.0667
Antonio Rüdiger,2024-08,0.0556
Antonio Rüdiger,2024-09,0.0801
Antonio Rüdiger,2024-10,0.0723
Antonio Rüdiger,2024-11,0.05
Antonio Rüdiger,2024-12,0.0445
Antonio Rüdiger,2025-01,0.0667
Antonio Rüdiger,2025-02,0.0778
Antonio Rüdiger,2025-03,0.0934
Antonio Rüdiger,2025-04,0.2447
Antonio Rüdiger,2025-05,0.0612
Antonio Rüdiger,2025-06,0.0623
Antonio Rüdiger,2025-07,0.0667
Bukayo Saka,2024-07,0.0667
Bukayo Saka,2024-08,0.0945
Bukayo Saka,2024-09,0.1023
Bukayo Saka,2024-10,0.1945
Bukayo Saka,2024-11,0.0945
Bukayo Saka,2024-12,0.1912
Bukayo Saka,2025-01,0.1056
Bukayo Saka,2025-02,0.1056
Bukayo Saka,2025-03,0.1423
Bukayo Saka,2025-04,0.239
Bukayo Saka,2025-05,0.1167
Bukayo Saka,2025-06,0.0756
Bukayo Saka,2025-07,0.0778
Mohamed Salah,2024-07,0.0445
Mohamed Salah,2024-08,0.0445
Mohamed Salah,2024-09,0.0534
Mohamed Salah,2024-10,0.0389
Mohamed Salah,2024-11,0.0778
Mohamed Salah,2024-12,0.1423
Mohamed Salah,2025-01,0.0945
Mohamed Salah,2025-02,0.0945
Mohamed Salah,2025-03,0.0756
Mohamed Salah,2025-04,0.0834
Mohamed Salah,2025-05,0.0556
Mohamed Salah,2025-06,0.04
Mohamed Salah,2025-07,0.0333
William Saliba,2024-07,0.0445
William Saliba,2024-08,0.0389
William Saliba,2024-09,0.0534
William Saliba,2024-10,0.0834
William Saliba,2024-11,0.0333
William Saliba,2024-12,0.0445
William Saliba,2025-01,0.05
William Saliba,2025-02,0.05
William Saliba,2025-03,0.04
William Saliba,2025-04,0.0667
William Saliba,2025-05,0.0778
William Saliba,2025-06,0.0267
William Saliba,2025-07,0.0333
Oihan Sancet,2024-07,0.0111
Oihan Sancet,2024-08,0.0139
Oihan Sancet,2024-09,0.0133
Oihan Sancet,2024-10,0.0167
Oihan Sancet,2024-11,0.0139
Oihan Sancet,2024-12,0.0133
Oihan Sancet,2025-01,0.0139
Oihan Sancet,2025-02,0.0278
Oihan Sancet,2025-03,0.0267
Oihan Sancet,2025-04,0.0278
Oihan Sancet,2025-05,0.0139
Oihan Sancet,2025-06,0.0111
Oihan Sancet,2025-07,0.0111
Matz Sels,2024-07,0.0111
Matz Sels,2024-08,0.0111
Matz Sels,2024-09,0.0111
Matz Sels,2024-10,0.0139
Matz Sels,2024-11,0.0111
Matz Sels,2024-12,0.0111
Matz Sels,2025-01,0.0222
Matz Sels,2025-02,0.0111
Matz Sels,2025-03,0.0178
Matz Sels,2025-04,0.0111
Matz Sels,2025-05,0.0139
Matz Sels,2025-06,0.0133
Matz Sels,2025-07,0.0111
Antoine Semenyo,2024-07,0.0111
Antoine Semenyo,2024-08,0.0139
Antoine Semenyo,2024-09,0.0133
Antoine Semenyo,2024-10,0.0167
Antoine Semenyo,2024-11,0.0139
Antoine Semenyo,2024-12,0.0133
Antoine Semenyo,2025-01,0.0167
Antoine Semenyo,2025-02,0.0167
Antoine Semenyo,2025-03,0.0156
Antoine Semenyo,2025-04,0.0167
Antoine Semenyo,2025-05,0.0167
Antoine Semenyo,2025-06,0.0178
Antoine Semenyo,2025-07,0.0111
Benjamin Šeško,2024-07,0.0111
Benjamin Šeško,2024-08,0.0167
Benjamin Šeško,2024-09,0.0356
Benjamin Šeško,2024-10,0.0222
Benjamin Šeško,2024-11,0.0222
Benjamin Šeško,2024-12,0.0222
Benjamin Šeško,2025-01,0.0778
Benjamin Šeško,2025-02,0.0222
Benjamin Šeško,2025-03,0.0222
Benjamin Šeško,2025-04,0.0222
Benjamin Šeško,2025-05,0.0945
Benjamin Šeško,2025-06,0.129
Benjamin Šeško,2025-07,0.1112
Giuliano Simeone,2024-07,0.0445
Giuliano Simeone,2024-08,0.0195
Giuliano Simeone,2024-09,0.02
Giuliano Simeone,2024-10,0.0195
Giuliano Simeone,2024-11,0.0445
Giuliano Simeone,2024-12,0.0245
Giuliano Simeone,2025-01,0.025
Giuliano Simeone,2025-02,0.05
Giuliano Simeone,2025-03,0.1157
Giuliano Simeone,2025-04,0.0139
Giuliano Simeone,2025-05,0.0139
Giuliano Simeone,2025-06,0.0245
Giuliano Simeone,2025-07,0.0111
Unai Simón,2024-07,0.0222
Unai Simón,2024-08,0.0222
Unai Simón,2024-09,0.0222
Unai Simón,2024-10,0.0222
Unai Simón,2024-11,0.0222
Unai Simón,2024-12,0.0178
Unai Simón,2025-01,0.0139
Unai Simón,2025-02,0.0111
Unai Simón,2025-03,0.0245
Unai Simón,2025-04,0.0167
Unai Simón,2025-05,0.0167
Unai Simón,2025-06,0.0512
Unai Simón,2025-07,0.0111
Mile Svilar,2024-07,0.0111
Mile Svilar,2024-08,0.0111
Mile Svilar,2024-09,0.0111
Mile Svilar,2024-10,0.0139
Mile Svilar,2024-11,0.0111
Mile Svilar,2024-12,0.0111
Mile Svilar,2025-01,0.0111
Mile Svilar,2025-02,0.0111
Mile Svilar,2025-03,0.0133
Mile Svilar,2025-04,0.0167
Mile Svilar,2025-05,0.0222
Mile Svilar,2025-06,0.0178
Mile Svilar,2025-07,0.0167
Dominik Szoboszlai,2024-07,0.0445
Dominik Szoboszlai,2024-08,0.0333
Dominik Szoboszlai,2024-09,0.0534
Dominik Szoboszlai,2024-10,0.05
Dominik Szoboszlai,2024-11,0.0389
Dominik Szoboszlai,2024-12,0.0489
Dominik Szoboszlai,2025-01,0.05
Dominik Szoboszlai,2025-02,0.0667
Dominik Szoboszlai,2025-03,0.0889
Dominik Szoboszlai,2025-04,0.0333
Dominik Szoboszlai,2025-05,0.0445
Dominik Szoboszlai,2025-06,0.0267
Dominik Szoboszlai,2025-07,0.0333
Aurélien Tchouaméni,2024-07,0.0222
Aurélien Tchouaméni,2024-08,0.0278
Aurélien Tchouaméni,2024-09,0.0445
Aurélien Tchouaméni,2024-10,0.0445
Aurélien Tchouaméni,2024-11,0.0445
Aurélien Tchouaméni,2024-12,0.0267
Aurélien Tchouaméni,2025-01,0.0612
Aurélien Tchouaméni,2025-02,0.0334
Aurélien Tchouaméni,2025-03,0.0267
Aurélien Tchouaméni,2025-04,0.0445
Aurélien Tchouaméni,2025-05,0.0334
Aurélien Tchouaméni,2025-06,0.0222
Aurélien Tchouaméni,2025-07,0.0334
Jurriën Timber,2024-07,0.0222
Jurriën Timber,2024-08,0.0222
Jurriën Timber,2024-09,0.0356
Jurriën Timber,2024-10,0.0222
Jurriën Timber,2024-11,0.0195
Jurriën Timber,2024-12,0.0178
Jurriën Timber,2025-01,0.0139
Jurriën Timber,2025-02,0.0195
Jurriën Timber,2025-03,0.02
Jurriën Timber,2025-04,0.0278
Jurriën Timber,2025-05,0.0167
Jurriën Timber,2025-06,0.0111
Jurriën Timber,2025-07,0.0111
Sandro Tonali,2024-07,0.0222
Sandro Tonali,2024-08,0.0389
Sandro Tonali,2024-09,0.0445
Sandro Tonali,2024-10,0.0222
Sandro Tonali,2024-11,0.0278
Sandro Tonali,2024-12,0.0267
Sandro Tonali,2025-01,0.0222
Sandro Tonali,2025-02,0.0222
Sandro Tonali,2025-03,0.0356
Sandro Tonali,2025-04,0.0389
Sandro Tonali,2025-05,0.0278
Sandro Tonali,2025-06,0.0222
Sandro Tonali,2025-07,0.0222
Trent Alexander-Arnold,2024-07,0.0889
Trent Alexander-Arnold,2024-08,0.0611
Trent Alexander-Arnold,2024-09,0.08
Trent Alexander-Arnold,2024-10,0.1223
Trent Alexander-Arnold,2024-11,0.0889
Trent Alexander-Arnold,2024-12,0.1823
Trent Alexander-Arnold,2025-01,0.1556
Trent Alexander-Arnold,2025-02,0.0723
Trent Alexander-Arnold,2025-03,0.2401
Trent Alexander-Arnold,2025-04,0.1612
Trent Alexander-Arnold,2025-05,0.4613
Trent Alexander-Arnold,2025-06,0.2623
Trent Alexander-Arnold,2025-07,0.1334
Federico Valverde,2024-07,0.0445
Federico Valverde,2024-08,0.0889
Federico Valverde,2024-09,0.0756
Federico Valverde,2024-10,0.0778
Federico Valverde,2024-11,0.0667
Federico Valverde,2024-12,0.0845
Federico Valverde,2025-01,0.1
Federico Valverde,2025-02,0.0889
Federico Valverde,2025-03,0.0978
Federico Valverde,2025-04,0.1167
Federico Valverde,2025-05,0.0723
Federico Valverde,2025-06,0.0889
Federico Valverde,2025-07,0.0778
Micky van de Ven,2024-07,0.0222
Micky van de Ven,2024-08,0.0222
Micky van de Ven,2024-09,0.0356
Micky van de Ven,2024-10,0.0389
Micky van de Ven,2024-11,0.0222
Micky van de Ven,2024-12,0.0222
Micky van de Ven,2025-01,0.0222
Micky van de Ven,2025-02,0.025
Micky van de Ven,2025-03,0.0156
Micky van de Ven,2025-04,0.0139
Micky van de Ven,2025-05,0.0278
Micky van de Ven,2025-06,0.0156
Micky van de Ven,2025-07,0.0222
Vinícius Júnior,2024-07,0.256
Vinícius Júnior,2024-08,0.4352
Vinícius Júnior,2024-09,0.3738
Vinícius Júnior,2024-10,1.0561
Vinícius Júnior,2024-11,0.5184
Vinícius Júnior,2024-12,0.4967
Vinícius Júnior,2025-01,0.48
Vinícius Júnior,2025-02,0.416
Vinícius Júnior,2025-03,0.3789
Vinícius Júnior,2025-04,0.3648
Vinícius Júnior,2025-05,0.352
Vinícius Júnior,2025-06,0.2867
Vinícius Júnior,2025-07,0.4096
Vitinha,2024-07,0.0222
Vitinha,2024-08,0.0222
Vitinha,2024-09,0.0267
Vitinha,2024-10,0.0222
Vitinha,2024-11,0.0222
Vitinha,2024-12,0.0178
Vitinha,2025-01,0.0195
Vitinha,2025-02,0.0222
Vitinha,2025-03,0.0356
Vitinha,2025-04,0.05
Vitinha,2025-05,0.0778
Vitinha,2025-06,0.1779
Vitinha,2025-07,0.1112
Nick Woltemade,2024-07,0.0111
Nick Woltemade,2024-08,0.0111
Nick Woltemade,2024-09,0.0111
Nick Woltemade,2024-10,0.0111
Nick Woltemade,2024-11,0.0111
Nick Woltemade,2024-12,0.0156
Nick Woltemade,2025-01,0.0139
Nick Woltemade,2025-02,0.0111
Nick Woltemade,2025-03,0.0378
Nick Woltemade,2025-04,0.0139
Nick Woltemade,2025-05,0.0361
Nick Woltemade,2025-06,0.1779
Nick Woltemade,2025-07,0.0556
Chris Wood,2024-07,0.0111
Chris Wood,2024-08,0.0167
Chris Wood,2024-09,0.0156
Chris Wood,2024-10,0.0473
Chris Wood,2024-11,0.0389
Chris Wood,2024-12,0.0445
Chris Wood,2025-01,0.0723
Chris Wood,2025-02,0.0445
Chris Wood,2025-03,0.0356
Chris Wood,2025-04,0.0278
Chris Wood,2025-05,0.0222
Chris Wood,2025-06,0.0156
Chris Wood,2025-07,0.0167
Xavi Simons,2024-07,0.0667
Xavi Simons,2024-08,0.05
Xavi Simons,2024-09,0.0445
Xavi Simons,2024-10,0.0334
Xavi Simons,2024-11,0.0222
Xavi Simons,2024-12,0.0222
Xavi Simons,2025-01,0.0389
Xavi Simons,2025-02,0.0278
Xavi Simons,2025-03,0.0356
Xavi Simons,2025-04,0.0278
Xavi Simons,2025-05,0.05
Xavi Simons,2025-06,0.0356
Xavi Simons,2025-07,0.0667
Granit Xhaka,2024-07,0.0222
Granit Xhaka,2024-08,0.0334
Granit Xhaka,2024-09,0.0267
Granit Xhaka,2024-10,0.0222
Granit Xhaka,2024-11,0.0222
Granit Xhaka,2024-12,0.0222
Granit Xhaka,2025-01,0.0222
Granit Xhaka,2025-02,0.0222
Granit Xhaka,2025-03,0.0222
Granit Xhaka,2025-04,0.0278
Granit Xhaka,2025-05,0.0278
Granit Xhaka,2025-06,0.0445
Granit Xhaka,2025-07,0.0556
Kenan Yildiz,2024-07,0.0667
Kenan Yildiz,2024-08,0.0834
Kenan Yildiz,2024-09,0.1112
Kenan Yildiz,2024-10,0.1056
Kenan Yildiz,2024-11,0.0778
Kenan Yildiz,2024-12,0.0845
Kenan Yildiz,2025-01,0.0723
Kenan Yildiz,2025-02,0.0667
Kenan Yildiz,2025-03,0.0667
Kenan Yildiz,2025-04,0.0612
Kenan Yildiz,2025-05,0.0445
Kenan Yildiz,2025-06,0.1023
Kenan Yildiz,2025-07,0.0667
Martín Zubimendi,2024-07,0.0222
Martín Zubimendi,2024-08,0.1891
Martín Zubimendi,2024-09,0.0222
Martín Zubimendi,2024-10,0.0222
Martín Zubimendi,2024-11,0.0278
Martín Zubimendi,2024-12,0.0311
Martín Zubimendi,2025-01,0.0667
Martín Zubimendi,2025-02,0.0222
Martín Zubimendi,2025-03,0.04
Martín Zubimendi,2025-04,0.0278
Martín Zubimendi,2025-05,0.1001
Martín Zubimendi,2025-06,0.1468
Martín Zubimendi,2025-07,0.1112
