player_name,trends_link
Ousmane Dembélé,https://trends.google.com/trends/explore?date=2024-08-01%202025-07-13&q=Cristiano%20Ronaldo%2COusmane%20Demb%C3%A9l%C3%A9
Lamine Yamal,https://trends.google.com/trends/explore?date=2024-08-01%202025-07-13&q=Cristiano%20Ronaldo%2CLamine%20Yamal
Vitinha,https://trends.google.com/trends/explore?date=2024-08-01%202025-07-13&q=Cristiano%20Ronaldo%2CVitinha
Mohamed Salah,https://trends.google.com/trends/explore?date=2024-08-01%202025-07-13&q=Cristiano%20Ronaldo%2CMohamed%20Salah
Raphinha,https://trends.google.com/trends/explore?date=2024-08-01%202025-07-13&q=Cristiano%20Ronaldo%2CRaphinha
Achraf Hakimi,https://trends.google.com/trends/explore?date=2024-08-01%202025-07-13&q=Cristiano%20Ronaldo%2CAchraf%20Hakimi
Kylian Mbappé,https://trends.google.com/trends/explore?date=2024-08-01%202025-07-13&q=Cristiano%20Ronaldo%2CKylian%20Mbapp%C3%A9
Cole Palmer,https://trends.google.com/trends/explore?date=2024-08-01%202025-07-13&q=Cristiano%20Ronaldo%2CCole%20Palmer
Gianluigi Donnarumma,https://trends.google.com/trends/explore?date=2024-08-01%202025-07-13&q=Cristiano%20Ronaldo%2CGianluigi%20Donnarumma
Nuno Mendes,https://trends.google.com/trends/explore?date=2024-08-01%202025-07-13&q=Cristiano%20Ronaldo%2CNuno%20Mendes
Pedri,https://trends.google.com/trends/explore?date=2024-08-01%202025-07-13&q=Cristiano%20Ronaldo%2CPedri
Khvicha Kvaratskhelia,https://trends.google.com/trends/explore?date=2024-08-01%202025-07-13&q=Cristiano%20Ronaldo%2CKhvicha%20Kvaratskhelia
Harry Kane,https://trends.google.com/trends/explore?date=2024-08-01%202025-07-13&q=Cristiano%20Ronaldo%2CHarry%20Kane
Désiré Doué,https://trends.google.com/trends/explore?date=2024-08-01%202025-07-13&q=Cristiano%20Ronaldo%2CD%C3%A9sir%C3%A9%20Dou%C3%A9
Viktor Gyökeres,https://trends.google.com/trends/explore?date=2024-08-01%202025-07-13&q=Cristiano%20Ronaldo%2CViktor%20Gy%C3%B6keres
Vinícius Júnior,https://trends.google.com/trends/explore?date=2024-08-01%202025-07-13&q=Cristiano%20Ronaldo%2CVin%C3%ADcius%20J%C3%BAnior
Robert Lewandowski,https://trends.google.com/trends/explore?date=2024-08-01%202025-07-13&q=Cristiano%20Ronaldo%2CRobert%20Lewandowski
Scott McTominay,https://trends.google.com/trends/explore?date=2024-08-01%202025-07-13&q=Cristiano%20Ronaldo%2CScott%20McTominay
João Neves,https://trends.google.com/trends/explore?date=2024-08-01%202025-07-13&q=Cristiano%20Ronaldo%2CJo%C3%A3o%20Neves
Lautaro Martínez,https://trends.google.com/trends/explore?date=2024-08-01%202025-07-13&q=Cristiano%20Ronaldo%2CLautaro%20Mart%C3%ADnez
Serhou Guirassy,https://trends.google.com/trends/explore?date=2024-08-01%202025-07-13&q=Cristiano%20Ronaldo%2CSerhou%20Guirassy
Alexis Mac Allister,https://trends.google.com/trends/explore?date=2024-08-01%202025-07-13&q=Cristiano%20Ronaldo%2CAlexis%20Mac%20Allister
Jude Bellingham,https://trends.google.com/trends/explore?date=2024-08-01%202025-07-13&q=Cristiano%20Ronaldo%2CJude%20Bellingham
Fabián Ruiz,https://trends.google.com/trends/explore?date=2024-08-01%202025-07-13&q=Cristiano%20Ronaldo%2CFabi%C3%A1n%20Ruiz
Denzel Dumfries,https://trends.google.com/trends/explore?date=2024-08-01%202025-07-13&q=Cristiano%20Ronaldo%2CDenzel%20Dumfries
Erling Haaland,https://trends.google.com/trends/explore?date=2024-08-01%202025-07-13&q=Cristiano%20Ronaldo%2CErling%20Haaland
Declan Rice,https://trends.google.com/trends/explore?date=2024-08-01%202025-07-13&q=Cristiano%20Ronaldo%2CDeclan%20Rice
Virgil van Dijk,https://trends.google.com/trends/explore?date=2024-08-01%202025-07-13&q=Cristiano%20Ronaldo%2CVirgil%20van%20Dijk
Florian Wirtz,https://trends.google.com/trends/explore?date=2024-08-01%202025-07-13&q=Cristiano%20Ronaldo%2CFlorian%20Wirtz
Michael Olise,https://trends.google.com/trends/explore?date=2024-08-01%202025-07-13&q=Cristiano%20Ronaldo%2CMichael%20Olise
Bukayo Saka,https://trends.google.com/trends/explore?date=2024-08-01%202025-07-13&q=Cristiano%20Ronaldo%2CBukayo%20Saka
Gabriel Magalhães,https://trends.google.com/trends/explore?date=2024-08-01%202025-07-13&q=Cristiano%20Ronaldo%2CGabriel%20Magalh%C3%A3es
Julián Álvarez,https://trends.google.com/trends/explore?date=2024-08-01%202025-07-13&q=Cristiano%20Ronaldo%2CJuli%C3%A1n%20%C3%81lvarez
William Saliba,https://trends.google.com/trends/explore?date=2024-08-01%202025-07-13&q=Cristiano%20Ronaldo%2CWilliam%20Saliba
Jamal Musiala,https://trends.google.com/trends/explore?date=2024-08-01%202025-07-13&q=Cristiano%20Ronaldo%2CJamal%20Musiala
Thibaut Courtois,https://trends.google.com/trends/explore?date=2024-08-01%202025-07-13&q=Cristiano%20Ronaldo%2CThibaut%20Courtois
Luis Díaz,https://trends.google.com/trends/explore?date=2024-08-01%202025-07-13&q=Cristiano%20Ronaldo%2CLuis%20D%C3%ADaz
Ryan Gravenberch,https://trends.google.com/trends/explore?date=2024-08-01%202025-07-13&q=Cristiano%20Ronaldo%2CRyan%20Gravenberch
Joshua Kimmich,https://trends.google.com/trends/explore?date=2024-08-01%202025-07-13&q=Cristiano%20Ronaldo%2CJoshua%20Kimmich
Federico Valverde,https://trends.google.com/trends/explore?date=2024-08-01%202025-07-13&q=Cristiano%20Ronaldo%2CFederico%20Valverde
Marquinhos,https://trends.google.com/trends/explore?date=2024-08-01%202025-07-13&q=Cristiano%20Ronaldo%2CMarquinhos
Lionel Messi,https://trends.google.com/trends/explore?date=2024-08-01%202025-07-13&q=Cristiano%20Ronaldo%2CLionel%20Messi
Alisson,https://trends.google.com/trends/explore?date=2024-08-01%202025-07-13&q=Cristiano%20Ronaldo%2CAlisson
Dominik Szoboszlai,https://trends.google.com/trends/explore?date=2024-08-01%202025-07-13&q=Cristiano%20Ronaldo%2CDominik%20Szoboszlai
Alexander Isak,https://trends.google.com/trends/explore?date=2024-08-01%202025-07-13&q=Cristiano%20Ronaldo%2CAlexander%20Isak
Frenkie de Jong,https://trends.google.com/trends/explore?date=2024-08-01%202025-07-13&q=Cristiano%20Ronaldo%2CFrenkie%20de%20Jong
Bruno Fernandes,https://trends.google.com/trends/explore?date=2024-08-01%202025-07-13&q=Cristiano%20Ronaldo%2CBruno%20Fernandes
Alessandro Bastoni,https://trends.google.com/trends/explore?date=2024-08-01%202025-07-13&q=Cristiano%20Ronaldo%2CAlessandro%20Bastoni
David Raya,https://trends.google.com/trends/explore?date=2024-08-01%202025-07-13&q=Cristiano%20Ronaldo%2CDavid%20Raya
Jules Koundé,https://trends.google.com/trends/explore?date=2024-08-01%202025-07-13&q=Cristiano%20Ronaldo%2CJules%20Kound%C3%A9
Nicolò Barella,https://trends.google.com/trends/explore?date=2024-08-01%202025-07-13&q=Cristiano%20Ronaldo%2CNicol%C3%B2%20Barella
Bradley Barcola,https://trends.google.com/trends/explore?date=2024-08-01%202025-07-13&q=Cristiano%20Ronaldo%2CBradley%20Barcola
Trent Alexander-Arnold,https://trends.google.com/trends/explore?date=2024-08-01%202025-07-13&q=Cristiano%20Ronaldo%2CTrent%20Alexander-Arnold
Bruno Guimarães,https://trends.google.com/trends/explore?date=2024-08-01%202025-07-13&q=Cristiano%20Ronaldo%2CBruno%20Guimar%C3%A3es
Nico Williams,https://trends.google.com/trends/explore?date=2024-08-01%202025-07-13&q=Cristiano%20Ronaldo%2CNico%20Williams
Yann Sommer,https://trends.google.com/trends/explore?date=2024-08-01%202025-07-13&q=Cristiano%20Ronaldo%2CYann%20Sommer
Eberechi Eze,https://trends.google.com/trends/explore?date=2024-08-01%202025-07-13&q=Cristiano%20Ronaldo%2CEberechi%20Eze
Bryan Mbeumo,https://trends.google.com/trends/explore?date=2024-08-01%202025-07-13&q=Cristiano%20Ronaldo%2CBryan%20Mbeumo
Victor Osimhen,https://trends.google.com/trends/explore?date=2024-08-01%202025-07-13&q=Cristiano%20Ronaldo%2CVictor%20Osimhen
Pau Cubarsí,https://trends.google.com/trends/explore?date=2024-08-01%202025-07-13&q=Cristiano%20Ronaldo%2CPau%20Cubars%C3%AD
Federico Dimarco,https://trends.google.com/trends/explore?date=2024-08-01%202025-07-13&q=Cristiano%20Ronaldo%2CFederico%20Dimarco
Rafael Leão,https://trends.google.com/trends/explore?date=2024-08-01%202025-07-13&q=Cristiano%20Ronaldo%2CRafael%20Le%C3%A3o
Moisés Caicedo,https://trends.google.com/trends/explore?date=2024-08-01%202025-07-13&q=Cristiano%20Ronaldo%2CMois%C3%A9s%20Caicedo
Jurriën Timber,https://trends.google.com/trends/explore?date=2024-08-01%202025-07-13&q=Cristiano%20Ronaldo%2CJurri%C3%ABn%20Timber
Martin Ødegaard,https://trends.google.com/trends/explore?date=2024-08-01%202025-07-13&q=Cristiano%20Ronaldo%2CMartin%20%C3%98degaard
Rodri,https://trends.google.com/trends/explore?date=2024-08-01%202025-07-13&q=Cristiano%20Ronaldo%2CRodri
Alejandro Balde,https://trends.google.com/trends/explore?date=2024-08-01%202025-07-13&q=Cristiano%20Ronaldo%2CAlejandro%20Balde
Willian Pacho,https://trends.google.com/trends/explore?date=2024-08-01%202025-07-13&q=Cristiano%20Ronaldo%2CWillian%20Pacho
Alphonso Davies,https://trends.google.com/trends/explore?date=2024-08-01%202025-07-13&q=Cristiano%20Ronaldo%2CAlphonso%20Davies
Sandro Tonali,https://trends.google.com/trends/explore?date=2024-08-01%202025-07-13&q=Cristiano%20Ronaldo%2CSandro%20Tonali
Rodrygo,https://trends.google.com/trends/explore?date=2024-08-01%202025-07-13&q=Cristiano%20Ronaldo%2CRodrygo
Mike Maignan,https://trends.google.com/trends/explore?date=2024-08-01%202025-07-13&q=Cristiano%20Ronaldo%2CMike%20Maignan
Marcus Thuram,https://trends.google.com/trends/explore?date=2024-08-01%202025-07-13&q=Cristiano%20Ronaldo%2CMarcus%20Thuram
Martín Zubimendi,https://trends.google.com/trends/explore?date=2024-08-01%202025-07-13&q=Cristiano%20Ronaldo%2CMart%C3%ADn%20Zubimendi
Aurélien Tchouaméni,https://trends.google.com/trends/explore?date=2024-08-01%202025-07-13&q=Cristiano%20Ronaldo%2CAur%C3%A9lien%20Tchouam%C3%A9ni
Antoine Semenyo,https://trends.google.com/trends/explore?date=2024-08-01%202025-07-13&q=Cristiano%20Ronaldo%2CAntoine%20Semenyo
Josko Gvardiol,https://trends.google.com/trends/explore?date=2024-08-01%202025-07-13&q=Cristiano%20Ronaldo%2CJosko%20Gvardiol
Jan Oblak,https://trends.google.com/trends/explore?date=2024-08-01%202025-07-13&q=Cristiano%20Ronaldo%2CJan%20Oblak
Álex Grimaldo,https://trends.google.com/trends/explore?date=2024-08-01%202025-07-13&q=Cristiano%20Ronaldo%2C%C3%81lex%20Grimaldo
Marc Cucurella,https://trends.google.com/trends/explore?date=2024-08-01%202025-07-13&q=Cristiano%20Ronaldo%2CMarc%20Cucurella
Antonio Rüdiger,https://trends.google.com/trends/explore?date=2024-08-01%202025-07-13&q=Cristiano%20Ronaldo%2CAntonio%20R%C3%BCdiger
Rúben Dias,https://trends.google.com/trends/explore?date=2024-08-01%202025-07-13&q=Cristiano%20Ronaldo%2CR%C3%BAben%20Dias
Arda Güler,https://trends.google.com/trends/explore?date=2024-08-01%202025-07-13&q=Cristiano%20Ronaldo%2CArda%20G%C3%BCler
Emiliano Martínez,https://trends.google.com/trends/explore?date=2024-08-01%202025-07-13&q=Cristiano%20Ronaldo%2CEmiliano%20Mart%C3%ADnez
Morgan Rogers,https://trends.google.com/trends/explore?date=2024-08-01%202025-07-13&q=Cristiano%20Ronaldo%2CMorgan%20Rogers
Hugo Ekitiké,https://trends.google.com/trends/explore?date=2024-08-01%202025-07-13&q=Cristiano%20Ronaldo%2CHugo%20Ekitik%C3%A9
Jérémy Doku,https://trends.google.com/trends/explore?date=2024-08-01%202025-07-13&q=Cristiano%20Ronaldo%2CJ%C3%A9r%C3%A9my%20Doku
Kenan Yildiz,https://trends.google.com/trends/explore?date=2024-08-01%202025-07-13&q=Cristiano%20Ronaldo%2CKenan%20Yildiz
Nick Woltemade,https://trends.google.com/trends/explore?date=2024-08-01%202025-07-13&q=Cristiano%20Ronaldo%2CNick%20Woltemade
Tijjani Reijnders,https://trends.google.com/trends/explore?date=2024-08-01%202025-07-13&q=Cristiano%20Ronaldo%2CTijjani%20Reijnders
Dean Huijsen,https://trends.google.com/trends/explore?date=2024-08-01%202025-07-13&q=Cristiano%20Ronaldo%2CDean%20Huijsen
Antoine Griezmann,https://trends.google.com/trends/explore?date=2024-08-01%202025-07-13&q=Cristiano%20Ronaldo%2CAntoine%20Griezmann
Joan García,https://trends.google.com/trends/explore?date=2024-08-01%202025-07-13&q=Cristiano%20Ronaldo%2CJoan%20Garc%C3%ADa
Enzo Fernández,https://trends.google.com/trends/explore?date=2024-08-01%202025-07-13&q=Cristiano%20Ronaldo%2CEnzo%20Fern%C3%A1ndez
Hakan Çalhanoğlu,https://trends.google.com/trends/explore?date=2024-08-01%202025-07-13&q=Cristiano%20Ronaldo%2CHakan%20%C3%87alhano%C4%9Flu
Estêvão,https://trends.google.com/trends/explore?date=2024-08-01%202025-07-13&q=Cristiano%20Ronaldo%2CEst%C3%AAv%C3%A3o
Phil Foden,https://trends.google.com/trends/explore?date=2024-08-01%202025-07-13&q=Cristiano%20Ronaldo%2CPhil%20Foden
Fermín López,https://trends.google.com/trends/explore?date=2024-08-01%202025-07-13&q=Cristiano%20Ronaldo%2CFerm%C3%ADn%20L%C3%B3pez
Bernardo Silva,https://trends.google.com/trends/explore?date=2024-08-01%202025-07-13&q=Cristiano%20Ronaldo%2CBernardo%20Silva
Kevin De Bruyne,https://trends.google.com/trends/explore?date=2024-08-01%202025-07-13&q=Cristiano%20Ronaldo%2CKevin%20De%20Bruyne
Dani Olmo,https://trends.google.com/trends/explore?date=2024-08-01%202025-07-13&q=Cristiano%20Ronaldo%2CDani%20Olmo
João Pedro,https://trends.google.com/trends/explore?date=2024-08-01%202025-07-13&q=Cristiano%20Ronaldo%2CJo%C3%A3o%20Pedro
Theo Hernández,https://trends.google.com/trends/explore?date=2024-08-01%202025-07-13&q=Cristiano%20Ronaldo%2CTheo%20Hern%C3%A1ndez
Mikel Oyarzabal,https://trends.google.com/trends/explore?date=2024-08-01%202025-07-13&q=Cristiano%20Ronaldo%2CMikel%20Oyarzabal
Daniel Muñoz,https://trends.google.com/trends/explore?date=2024-08-01%202025-07-13&q=Cristiano%20Ronaldo%2CDaniel%20Mu%C3%B1oz
André-Frank Zambo Anguissa,https://trends.google.com/trends/explore?date=2024-08-01%202025-07-13&q=Cristiano%20Ronaldo%2CAndr%C3%A9-Frank%20Zambo%20Anguissa
Dani Carvajal,https://trends.google.com/trends/explore?date=2024-08-01%202025-07-13&q=Cristiano%20Ronaldo%2CDani%20Carvajal
Granit Xhaka,https://trends.google.com/trends/explore?date=2024-08-01%202025-07-13&q=Cristiano%20Ronaldo%2CGranit%20Xhaka
Nico Paz,https://trends.google.com/trends/explore?date=2024-08-01%202025-07-13&q=Cristiano%20Ronaldo%2CNico%20Paz
Reece James,https://trends.google.com/trends/explore?date=2024-08-01%202025-07-13&q=Cristiano%20Ronaldo%2CReece%20James
Giorgian de Arrascaeta,https://trends.google.com/trends/explore?date=2024-08-01%202025-07-13&q=Cristiano%20Ronaldo%2CGiorgian%20de%20Arrascaeta
Riccardo Calafiori,https://trends.google.com/trends/explore?date=2024-08-01%202025-07-13&q=Cristiano%20Ronaldo%2CRiccardo%20Calafiori
Mikel Merino,https://trends.google.com/trends/explore?date=2024-08-01%202025-07-13&q=Cristiano%20Ronaldo%2CMikel%20Merino
Mile Svilar,https://trends.google.com/trends/explore?date=2024-08-01%202025-07-13&q=Cristiano%20Ronaldo%2CMile%20Svilar
Miloš Kerkez,https://trends.google.com/trends/explore?date=2024-08-01%202025-07-13&q=Cristiano%20Ronaldo%2CMilo%C5%A1%20Kerkez
Tino Livramento,https://trends.google.com/trends/explore?date=2024-08-01%202025-07-13&q=Cristiano%20Ronaldo%2CTino%20Livramento
Manuel Neuer,https://trends.google.com/trends/explore?date=2024-08-01%202025-07-13&q=Cristiano%20Ronaldo%2CManuel%20Neuer
Mason Greenwood,https://trends.google.com/trends/explore?date=2024-08-01%202025-07-13&q=Cristiano%20Ronaldo%2CMason%20Greenwood
Álvaro Carreras,https://trends.google.com/trends/explore?date=2024-08-01%202025-07-13&q=Cristiano%20Ronaldo%2C%C3%81lvaro%20Carreras
Micky van de Ven,https://trends.google.com/trends/explore?date=2024-08-01%202025-07-13&q=Cristiano%20Ronaldo%2CMicky%20van%20de%20Ven
Antony,https://trends.google.com/trends/explore?date=2024-08-01%202025-07-13&q=Cristiano%20Ronaldo%2CAntony
Marcus Rashford,https://trends.google.com/trends/explore?date=2024-08-01%202025-07-13&q=Cristiano%20Ronaldo%2CMarcus%20Rashford
Mohammed Kudus,https://trends.google.com/trends/explore?date=2024-08-01%202025-07-13&q=Cristiano%20Ronaldo%2CMohammed%20Kudus
Matz Sels,https://trends.google.com/trends/explore?date=2024-08-01%202025-07-13&q=Cristiano%20Ronaldo%2CMatz%20Sels
Unai Simón,https://trends.google.com/trends/explore?date=2024-08-01%202025-07-13&q=Cristiano%20Ronaldo%2CUnai%20Sim%C3%B3n
Jeremie Frimpong,https://trends.google.com/trends/explore?date=2024-08-01%202025-07-13&q=Cristiano%20Ronaldo%2CJeremie%20Frimpong
Murillo,https://trends.google.com/trends/explore?date=2024-08-01%202025-07-13&q=Cristiano%20Ronaldo%2CMurillo
Ibrahima Konaté,https://trends.google.com/trends/explore?date=2024-08-01%202025-07-13&q=Cristiano%20Ronaldo%2CIbrahima%20Konat%C3%A9
Rodrigo De Paul,https://trends.google.com/trends/explore?date=2024-08-01%202025-07-13&q=Cristiano%20Ronaldo%2CRodrigo%20De%20Paul
Thiago Almada,https://trends.google.com/trends/explore?date=2024-08-01%202025-07-13&q=Cristiano%20Ronaldo%2CThiago%20Almada
Oihan Sancet,https://trends.google.com/trends/explore?date=2024-08-01%202025-07-13&q=Cristiano%20Ronaldo%2COihan%20Sancet
Isco,https://trends.google.com/trends/explore?date=2024-08-01%202025-07-13&q=Cristiano%20Ronaldo%2CIsco
Morgan Gibbs-White,https://trends.google.com/trends/explore?date=2024-08-01%202025-07-13&q=Cristiano%20Ronaldo%2CMorgan%20Gibbs-White
Xavi Simons,https://trends.google.com/trends/explore?date=2024-08-01%202025-07-13&q=Cristiano%20Ronaldo%2CXavi%20Simons
Giuliano Simeone,https://trends.google.com/trends/explore?date=2024-08-01%202025-07-13&q=Cristiano%20Ronaldo%2CGiuliano%20Simeone
Christian Pulisic,https://trends.google.com/trends/explore?date=2024-08-01%202025-07-13&q=Cristiano%20Ronaldo%2CChristian%20Pulisic
Cody Gakpo,https://trends.google.com/trends/explore?date=2024-08-01%202025-07-13&q=Cristiano%20Ronaldo%2CCody%20Gakpo
Ademola Lookman,https://trends.google.com/trends/explore?date=2024-08-01%202025-07-13&q=Cristiano%20Ronaldo%2CAdemola%20Lookman
Benjamin Šeško,https://trends.google.com/trends/explore?date=2024-08-01%202025-07-13&q=Cristiano%20Ronaldo%2CBenjamin%20%C5%A0e%C5%A1ko
Kai Havertz,https://trends.google.com/trends/explore?date=2024-08-01%202025-07-13&q=Cristiano%20Ronaldo%2CKai%20Havertz
Jonathan David,https://trends.google.com/trends/explore?date=2024-08-01%202025-07-13&q=Cristiano%20Ronaldo%2CJonathan%20David
Chris Wood,https://trends.google.com/trends/explore?date=2024-08-01%202025-07-13&q=Cristiano%20Ronaldo%2CChris%20Wood
Matheus Cunha,https://trends.google.com/trends/explore?date=2024-08-01%202025-07-13&q=Cristiano%20Ronaldo%2CMatheus%20Cunha
Omar Marmoush,https://trends.google.com/trends/explore?date=2024-08-01%202025-07-13&q=Cristiano%20Ronaldo%2COmar%20Marmoush
Mateo Retegui,https://trends.google.com/trends/explore?date=2024-08-01%202025-07-13&q=Cristiano%20Ronaldo%2CMateo%20Retegui
