player_id,player_name,nationality,position_group,club_2024_25,league_2024_25,club_season_start,mid_season_tranfers,club_2025_26,league_2025_26,transferred,moved_up,ig_followers,engagement_rate,google_trends,appearances,minutes,goals,assists,G_plus_A,goals_p90,assists_p90,shots_pg,dribbles,fouled,offsides,dispossessed,key_passes,passes_pg,pass_pct,crosses,long_balls,tackles,interceptions,fouls,clearances,blocks,Whoscored_Rating,gk_goals_against,gk_save_pct,gk_clean_sheets,team_league_position,ucl_stage,ucl_stage_ord,club_ig_followers,club_ig_followers_2024_25,club_ig_followers_2025_26,in_ballondor,consensus_count
P000,Ousmane Dembélé,France,Forward,Paris Saint-Germain,Ligue 1,Paris Saint-Germain,0,Paris Saint-Germain,Ligue 1,0,0,22175754.0,8.3,1.15,29.0,1737.0,21.0,6.0,27.0,1.088,0.311,3.3,1.4,0.5,0.3,1.1,2.2,33.7,83.2,1.0,1.2,0.4,0.3,0.3,0.0,0.0,7.65,,,,1,Winner,7,66864756,66864756,66864756,True,3
P001,Lamine Yamal,Spain,Forward,Barcelona,La Liga,Barcelona,0,Barcelona,La Liga,0,0,45992501.0,8.13,25.48,35.0,2864.0,9.0,13.0,22.0,0.283,0.409,4.1,4.6,1.7,0.4,1.4,1.8,40.4,78.9,0.6,0.9,1.2,0.5,0.9,0.1,0.0,8.01,,,,1,Semi Final,5,145936297,145936297,145936297,True,3
P002,Vitinha,Portugal,Midfielder,Paris Saint-Germain,Ligue 1,Paris Saint-Germain,0,Paris Saint-Germain,Ligue 1,0,0,5235860.0,6.94,2.01,29.0,2036.0,5.0,1.0,6.0,0.221,0.044,0.9,0.9,0.4,0.0,0.7,0.9,81.7,93.8,0.2,5.2,1.5,0.5,0.3,0.6,0.2,7.01,,,,1,Winner,7,66864756,66864756,66864756,True,3
P003,Mohamed Salah,Egypt,Forward,Liverpool,Premier League,Liverpool,0,Liverpool,Premier League,0,0,66754774.0,1.98,2.94,38.0,3380.0,29.0,18.0,47.0,0.772,0.479,3.4,1.5,1.0,0.5,1.8,2.3,30.4,73.9,0.4,0.7,0.6,0.2,0.7,0.1,0.0,7.61,,,,1,Round of 16,3,48467485,48467485,48467485,True,3
P004,Raphinha,Brazil,Forward,Barcelona,La Liga,Barcelona,0,Barcelona,La Liga,0,0,20697158.0,4.43,6.43,36.0,2845.0,18.0,9.0,27.0,0.569,0.285,3.2,1.4,1.0,0.3,0.8,2.5,34.8,79.5,1.5,1.3,1.0,0.3,0.3,0.6,0.1,7.62,,,,1,Semi Final,5,145936297,145936297,145936297,True,3
P005,Achraf Hakimi,Morocco,Defender,Paris Saint-Germain,Ligue 1,Paris Saint-Germain,0,Paris Saint-Germain,Ligue 1,0,0,25150264.0,6.77,0.97,25.0,2068.0,4.0,6.0,10.0,0.174,0.261,1.3,1.0,1.0,0.3,0.6,2.0,76.3,90.9,0.7,1.6,1.9,1.2,0.8,0.6,0.1,7.3,,,,1,Winner,7,66864756,66864756,66864756,True,3
P006,Kylian Mbappé,France,Forward,Real Madrid,La Liga,Real Madrid,0,Real Madrid,La Liga,0,0,133997321.0,2.38,44.05,34.0,2917.0,31.0,3.0,34.0,0.956,0.093,4.7,2.4,1.2,1.3,1.4,1.5,32.2,85.3,0.2,1.3,0.2,0.0,0.7,0.0,0.0,7.75,,,,2,Quarter Final,4,179140683,179140683,179140683,True,3
P007,Cole Palmer,England,Midfielder,Chelsea,Premier League,Chelsea,0,Chelsea,Premier League,0,0,8532630.0,9.88,8.41,37.0,3199.0,15.0,8.0,23.0,0.422,0.225,3.4,1.4,1.6,0.2,1.0,2.4,35.4,83.1,0.9,2.5,0.9,0.3,0.4,0.5,0.0,7.33,,,,4,Not Qualified,0,43976708,43976708,43976708,True,3
P008,Gianluigi Donnarumma,Italy,Goalkeeper,Paris Saint-Germain,Ligue 1,Paris Saint-Germain,0,Manchester City,Premier League,1,0,6745048.0,2.44,3.77,24.0,2092.0,0.0,0.0,0.0,0.0,0.0,0.0,0.0,0.1,0.0,0.0,0.0,22.6,85.4,0.0,2.6,0.0,0.1,0.0,1.6,0.0,7.06,25.0,66.7,4.0,1,Winner,7,66864756,66864756,56452450,True,3
P009,Nuno Mendes,Portugal,Defender,Paris Saint-Germain,Ligue 1,Paris Saint-Germain,0,Paris Saint-Germain,Ligue 1,0,0,4148487.0,5.95,1.98,24.0,1676.0,1.0,3.0,4.0,0.054,0.161,0.9,1.3,1.0,0.0,0.9,1.3,54.4,88.6,0.9,2.2,1.3,0.8,0.5,1.4,0.3,7.03,,,,1,Winner,7,66864756,66864756,66864756,True,3
P010,Pedri,Spain,Midfielder,Barcelona,La Liga,Barcelona,0,Barcelona,La Liga,0,0,22925866.0,3.73,5.48,37.0,2897.0,4.0,5.0,9.0,0.124,0.155,0.7,1.1,1.4,0.1,0.9,1.9,72.2,89.0,0.3,3.9,1.6,0.7,0.3,0.3,0.1,7.16,,,,1,Semi Final,5,145936297,145936297,145936297,True,3
P011,Khvicha Kvaratskhelia,Georgia,Forward,Paris Saint-Germain,Ligue 1,Napoli,1,Paris Saint-Germain,Ligue 1,0,0,8755172.0,16.67,4.32,14.0,920.0,4.0,3.0,7.0,0.391,0.293,2.4,1.8,1.3,0.0,1.8,1.8,36.2,89.3,0.7,0.5,1.4,0.1,0.9,0.2,0.0,7.34,,,,1,Winner,7,66864756,66864756,66864756,True,3
P012,Harry Kane,England,Forward,Bayern Munich,Bundesliga,Bayern Munich,0,Bayern Munich,Bundesliga,0,0,19185776.0,3.41,6.36,31.0,2391.0,26.0,8.0,34.0,0.979,0.301,3.7,0.7,0.7,0.5,0.7,1.1,19.9,80.7,0.1,1.3,0.4,0.1,0.3,0.5,0.1,7.72,,,,1,Quarter Final,4,44903622,44903622,44903622,True,3
P013,Désiré Doué,France,Forward,Paris Saint-Germain,Ligue 1,Paris Saint-Germain,0,Paris Saint-Germain,Ligue 1,0,0,7216658.0,15.0,4.65,31.0,1735.0,6.0,6.0,12.0,0.311,0.311,1.8,0.8,1.4,0.0,1.2,1.8,33.2,86.1,0.7,0.8,1.5,0.4,0.9,0.2,0.0,7.21,,,,1,Winner,7,66864756,66864756,66864756,True,3
P014,Viktor Gyökeres,Sweden,Forward,Sporting CP,Liga Portugal,Sporting CP,0,Arsenal,Premier League,1,1,4639929.0,12.34,9.62,33.0,2804.0,39.0,7.0,46.0,1.252,0.225,4.2,1.8,2.3,0.3,1.7,1.9,20.5,73.1,0.2,0.1,0.3,0.2,0.7,0.6,0.1,8.08,,,,1,Knockout phase play-offs,2,2979634,2979634,32288446,True,3
P015,Vinícius Júnior,Brazil,Forward,Real Madrid,La Liga,Real Madrid,0,Real Madrid,La Liga,0,0,62646004.0,3.57,18.84,30.0,2259.0,11.0,8.0,19.0,0.438,0.319,2.7,2.7,2.3,0.3,1.6,2.0,27.5,79.0,0.4,1.3,0.7,0.1,1.0,0.0,0.0,7.23,,,,2,Quarter Final,4,179140683,179140683,179140683,True,3
P016,Robert Lewandowski,Poland,Forward,Barcelona,La Liga,Barcelona,0,Barcelona,La Liga,0,0,38831213.0,1.11,13.01,34.0,2682.0,27.0,2.0,29.0,0.906,0.067,3.4,0.6,1.1,0.5,1.3,0.6,15.1,74.7,0.0,0.3,0.3,0.1,0.9,0.8,0.1,7.27,,,,1,Semi Final,5,145936297,145936297,145936297,True,3
P017,Scott McTominay,Scotland,Midfielder,Napoli,Serie A,Napoli,0,Napoli,Serie A,0,0,3587630.0,7.71,2.52,34.0,2941.0,12.0,4.0,16.0,0.367,0.122,2.2,1.1,1.8,0.1,1.4,0.8,26.7,85.1,0.0,1.2,1.3,0.7,1.3,1.5,0.1,7.26,,,,1,Not Qualified,0,5281032,5281032,5281032,True,3
P018,João Neves,Portugal,Midfielder,Paris Saint-Germain,Ligue 1,Paris Saint-Germain,0,Paris Saint-Germain,Ligue 1,0,0,3328892.0,15.11,1.9,29.0,1851.0,3.0,8.0,11.0,0.146,0.389,1.0,0.6,1.1,0.1,0.6,1.1,54.1,92.2,0.1,2.2,2.2,0.8,0.6,0.7,0.3,7.11,,,,1,Winner,7,66864756,66864756,66864756,True,3
P019,Lautaro Martínez,Argentina,Forward,Inter Milan,Serie A,Inter Milan,0,Inter Milan,Serie A,0,0,11954418.0,2.48,3.78,31.0,2579.0,12.0,3.0,15.0,0.419,0.105,3.3,0.5,1.4,0.7,1.7,1.2,19.7,76.6,0.1,0.9,1.0,0.3,1.3,0.5,0.1,7.13,,,,2,Final,6,14504939,14504939,14504939,True,3
P020,Serhou Guirassy,Guinea,Forward,Borussia Dortmund,Bundesliga,Borussia Dortmund,0,Borussia Dortmund,Bundesliga,0,0,820973.0,4.78,1.63,30.0,2601.0,21.0,2.0,23.0,0.727,0.069,3.0,0.4,1.8,0.4,1.0,0.8,20.8,73.0,0.0,0.3,0.2,0.1,0.5,1.3,0.1,7.3,,,,4,Quarter Final,4,20544068,20544068,20544068,True,2
P021,Alexis Mac Allister,Argentina,Midfielder,Liverpool,Premier League,Liverpool,0,Liverpool,Premier League,0,0,8871045.0,3.47,1.51,35.0,2608.0,5.0,5.0,10.0,0.173,0.173,1.1,0.5,1.1,0.1,0.6,1.3,40.7,87.2,0.6,1.4,2.7,0.6,1.8,0.8,0.2,7.08,,,,1,Round of 16,3,48467485,48467485,48467485,True,3
P022,Jude Bellingham,England,Midfielder,Real Madrid,La Liga,Real Madrid,0,Real Madrid,La Liga,0,0,44337272.0,10.0,16.13,31.0,2495.0,9.0,8.0,17.0,0.325,0.289,2.0,1.3,2.1,0.3,1.4,1.4,48.7,87.5,0.0,2.2,2.0,0.9,1.1,0.7,0.1,7.27,,,,2,Quarter Final,4,179140683,179140683,179140683,True,3
P023,Fabián Ruiz,Spain,Midfielder,Paris Saint-Germain,Ligue 1,Paris Saint-Germain,0,Paris Saint-Germain,Ligue 1,0,0,1602301.0,5.57,1.59,30.0,1923.0,4.0,5.0,9.0,0.187,0.234,1.4,0.5,0.3,0.2,0.5,1.2,52.9,91.0,0.1,2.4,1.2,0.5,0.2,0.8,0.1,6.87,,,,1,Winner,7,66864756,66864756,66864756,True,3
P024,Denzel Dumfries,Netherlands,Defender,Inter Milan,Serie A,Inter Milan,0,Inter Milan,Serie A,0,0,2079545.0,15.36,1.34,29.0,1952.0,7.0,2.0,9.0,0.323,0.092,1.2,0.4,0.6,0.2,0.5,0.7,21.6,76.7,0.5,0.6,0.9,0.2,1.9,0.8,0.3,6.88,,,,2,Final,6,14504939,14504939,14504939,True,3
P025,Erling Haaland,Norway,Forward,Manchester City,Premier League,Manchester City,0,Manchester City,Premier League,0,0,60314996.0,7.03,16.63,31.0,2742.0,22.0,3.0,25.0,0.722,0.098,3.5,0.4,0.4,0.1,0.9,0.9,12.1,67.5,0.0,0.1,0.4,0.2,0.8,0.7,0.0,7.32,,,,3,Knockout phase play-offs,2,56452450,56452450,56452450,True,3
P026,Declan Rice,England,Midfielder,Arsenal,Premier League,Arsenal,0,Arsenal,Premier League,0,0,6886142.0,11.23,3.48,35.0,2833.0,4.0,7.0,11.0,0.127,0.222,1.4,0.4,0.5,0.1,0.9,1.7,42.2,89.8,1.3,1.7,1.5,0.7,0.6,1.4,0.4,7.09,,,,2,Semi Final,5,32288446,32288446,32288446,True,3
P027,Virgil van Dijk,Netherlands,Defender,Liverpool,Premier League,Liverpool,0,Liverpool,Premier League,0,0,17552646.0,2.71,4.34,37.0,3330.0,3.0,1.0,4.0,0.081,0.027,0.7,0.1,0.4,0.0,0.1,0.3,79.0,91.7,0.0,4.2,1.0,1.5,0.5,5.1,0.4,7.07,,,,1,Round of 16,3,48467485,48467485,48467485,True,3
P028,Florian Wirtz,Germany,Midfielder,Bayer Leverkusen,Bundesliga,Bayer Leverkusen,0,Liverpool,Premier League,1,1,5242719.0,6.69,6.34,31.0,2357.0,10.0,12.0,22.0,0.382,0.458,2.5,2.6,1.3,0.4,1.5,1.8,51.3,82.3,0.5,1.1,1.0,0.3,0.7,0.2,0.1,7.5,,,,2,Round of 16,3,4602479,4602479,48467485,True,3
P029,Michael Olise,France,Forward,Bayern Munich,Bundesliga,Bayern Munich,0,Bayern Munich,Bundesliga,0,0,8856498.0,49.3,2.5,34.0,2348.0,12.0,15.0,27.0,0.46,0.575,2.5,2.1,1.9,0.1,0.9,2.7,41.4,86.2,1.1,0.8,1.1,0.2,0.6,0.4,0.6,7.74,,,,1,Quarter Final,4,44903622,44903622,44903622,True,3
P030,Bukayo Saka,England,Forward,Arsenal,Premier League,Arsenal,0,Arsenal,Premier League,0,0,8137148.0,7.53,5.33,25.0,1737.0,6.0,10.0,16.0,0.311,0.518,2.7,1.6,1.6,0.3,1.6,2.3,23.9,84.3,1.5,0.3,1.2,0.1,0.6,0.2,0.0,7.37,,,,2,Semi Final,5,32288446,32288446,32288446,False,3
P031,Gabriel Magalhães,Brazil,Defender,Arsenal,Premier League,Arsenal,0,Arsenal,Premier League,0,0,4003911.0,15.17,1.32,28.0,2366.0,3.0,1.0,4.0,0.114,0.038,0.8,0.1,0.7,0.0,0.1,0.5,58.1,90.7,0.0,2.0,0.9,0.6,0.7,3.2,1.0,6.91,,,,2,Semi Final,5,32288446,32288446,32288446,False,3
P032,Julián Álvarez,Argentina,Forward,Atletico Madrid,La Liga,Atletico Madrid,0,Atletico Madrid,La Liga,0,0,20399287.0,6.45,5.1,37.0,2521.0,17.0,4.0,21.0,0.607,0.143,2.0,0.9,0.2,0.2,1.1,1.1,24.0,78.5,0.4,0.9,0.7,0.1,0.7,0.3,0.0,7.01,,,,3,Round of 16,3,17865213,17865213,17865213,False,3
P033,William Saliba,France,Defender,Arsenal,Premier League,Arsenal,0,Arsenal,Premier League,0,0,3028562.0,11.53,2.05,35.0,3042.0,2.0,0.0,2.0,0.059,0.0,0.2,0.3,0.5,0.0,0.2,0.2,72.8,94.6,0.0,2.0,1.8,0.6,0.8,3.4,0.4,6.82,,,,2,Semi Final,5,32288446,32288446,32288446,False,3
P034,Jamal Musiala,Germany,Midfielder,Bayern Munich,Bundesliga,Bayern Munich,0,Bayern Munich,Bundesliga,0,0,7483854.0,2.67,5.96,25.0,1807.0,12.0,2.0,14.0,0.598,0.1,2.7,2.9,2.2,0.1,1.3,1.6,36.9,83.5,0.0,0.5,1.4,0.3,0.8,0.2,0.0,7.56,,,,1,Quarter Final,4,44903622,44903622,44903622,False,3
P035,Thibaut Courtois,Belgium,Goalkeeper,Real Madrid,La Liga,Real Madrid,0,Real Madrid,La Liga,0,0,18128183.0,1.2,4.27,30.0,2700.0,0.0,0.0,0.0,0.0,0.0,0.0,0.0,0.1,0.0,0.0,0.0,28.2,80.3,0.0,2.8,0.0,0.0,0.0,0.8,0.0,6.8,29.0,72.6,11.0,2,Quarter Final,4,179140683,179140683,179140683,False,3
P036,Luis Díaz,Columbia,Forward,Liverpool,Premier League,Liverpool,0,Bayern Munich,Bundesliga,1,0,8589243.0,4.73,3.8,36.0,2413.0,13.0,5.0,18.0,0.485,0.186,2.0,1.5,0.9,0.3,1.4,1.6,22.9,86.1,0.3,0.9,1.1,0.2,1.3,0.2,0.0,7.21,,,,1,Round of 16,3,48467485,48467485,44903622,False,3
P037,Ryan Gravenberch,Netherlands,Midfielder,Liverpool,Premier League,Liverpool,0,Liverpool,Premier League,0,0,2033724.0,5.77,1.04,37.0,3169.0,0.0,4.0,4.0,0.0,0.114,0.5,1.0,1.4,0.0,0.7,0.7,51.5,89.5,0.1,1.1,1.9,1.6,1.3,1.5,0.3,6.94,,,,1,Round of 16,3,48467485,48467485,48467485,False,3
P038,Joshua Kimmich,Germany,Midfielder,Bayern Munich,Bundesliga,Bayern Munich,0,Bayern Munich,Bundesliga,0,0,8783189.0,2.49,2.18,33.0,2847.0,3.0,6.0,9.0,0.095,0.19,1.0,0.4,0.8,0.1,0.2,2.5,103.8,92.9,1.3,6.0,1.4,0.8,0.5,0.9,0.1,7.38,,,,1,Quarter Final,4,44903622,44903622,44903622,False,3
P039,Federico Valverde,Uruguay,Midfielder,Real Madrid,La Liga,Real Madrid,0,Real Madrid,La Liga,0,0,21685695.0,3.88,3.55,36.0,3034.0,6.0,4.0,10.0,0.178,0.119,1.6,0.4,0.4,0.0,0.0,1.1,60.1,91.1,0.1,3.9,1.4,1.5,0.3,1.4,0.2,7.16,,,,2,Quarter Final,4,179140683,179140683,179140683,False,3
P040,Marquinhos,Brazil,Defender,Paris Saint-Germain,Ligue 1,Paris Saint-Germain,0,Paris Saint-Germain,Ligue 1,0,0,7691357.0,2.97,1.51,22.0,1725.0,2.0,0.0,2.0,0.104,0.0,0.4,0.1,0.3,0.0,0.0,0.4,82.4,95.1,0.0,4.4,1.4,0.5,0.8,2.8,0.7,6.93,,,,1,Winner,7,66864756,66864756,66864756,False,3
P041,Lionel Messi,Argentina,Forward,Inter Miami,MLS,Inter Miami,0,Inter Miami,MLS,0,0,512195678.0,1.91,100.0,20.0,1576.0,21.0,10.0,31.0,1.199,0.571,4.6,2.8,1.4,0.4,2.0,1.9,43.8,80.7,0.4,2.5,0.8,0.1,0.4,0.2,0.1,8.32,,,,1,Not Qualified,0,18271962,18271962,18271962,False,3
P042,Alisson,Brazil,Goalkeeper,Liverpool,Premier League,Liverpool,0,Liverpool,Premier League,0,0,9210836.0,2.43,2.36,28.0,2509.0,0.0,0.0,0.0,0.0,0.0,0.0,0.0,0.1,0.0,0.0,0.0,29.6,80.7,0.0,3.1,0.0,0.0,0.0,1.1,0.0,6.8,29.0,72.6,10.0,1,Round of 16,3,48467485,48467485,48467485,False,3
P043,Dominik Szoboszlai,Hungary,Midfielder,Liverpool,Premier League,Liverpool,0,Liverpool,Premier League,0,0,5504148.0,8.2,2.0,36.0,2496.0,6.0,6.0,12.0,0.216,0.216,1.9,0.6,0.7,0.1,0.6,1.6,34.5,85.8,0.4,1.5,1.1,0.3,1.2,0.4,0.1,6.89,,,,1,Round of 16,3,48467485,48467485,48467485,False,3
P044,Alexander Isak,Sweden,Forward,Newcastle,Premier League,Newcastle,0,Liverpool,Premier League,1,1,3067502.0,12.29,4.02,34.0,2774.0,23.0,6.0,29.0,0.746,0.195,2.9,1.2,0.4,0.6,1.6,1.2,19.4,77.1,0.1,0.4,0.4,0.1,0.8,0.5,0.1,7.3,,,,5,Not Qualified,0,3712647,3712647,48467485,False,3
P045,Frenkie de Jong,Netherlands,Midfielder,Barcelona,La Liga,Barcelona,0,Barcelona,La Liga,0,0,14571592.0,4.14,2.32,26.0,1140.0,2.0,2.0,4.0,0.158,0.158,0.2,0.2,0.7,0.0,0.3,0.8,43.8,95.1,0.0,1.5,0.7,0.5,0.5,0.2,0.0,6.53,,,,1,Semi Final,5,145936297,145936297,145936297,False,3
P046,Bruno Fernandes,Portugal,Midfielder,Manchester United,Premier League,Manchester United,0,Manchester United,Premier League,0,0,11493812.0,4.69,3.6,36.0,3024.0,8.0,10.0,18.0,0.238,0.298,2.7,0.8,1.1,0.1,1.2,2.5,56.1,81.5,1.2,4.5,2.3,0.7,0.9,0.8,0.2,7.2,,,,15,Not Qualified,0,65809385,65809385,65809385,False,3
P047,Alessandro Bastoni,Italy,Defender,Inter Milan,Serie A,Inter Milan,0,Inter Milan,Serie A,0,0,1530882.0,12.14,1.06,33.0,2422.0,1.0,5.0,6.0,0.037,0.186,0.4,0.2,1.2,0.0,0.2,0.8,61.6,90.5,0.8,4.2,1.4,0.7,1.3,1.4,0.4,6.88,,,,2,Final,6,14504939,14504939,14504939,False,3
P048,David Raya,Spain,Goalkeeper,Arsenal,Premier League,Arsenal,0,Arsenal,Premier League,0,0,1903244.0,14.59,1.14,38.0,3420.0,0.0,0.0,0.0,0.0,0.0,0.0,0.0,0.3,0.0,0.0,0.0,32.4,70.6,0.0,4.5,0.0,0.1,0.0,0.8,0.0,6.73,34.0,71.7,13.0,2,Semi Final,5,32288446,32288446,32288446,False,3
P049,Jules Koundé,France,Defender,Barcelona,La Liga,Barcelona,0,Barcelona,La Liga,0,0,5977453.0,5.63,2.32,32.0,2606.0,2.0,3.0,5.0,0.069,0.104,0.6,0.7,0.6,0.2,0.4,1.0,56.4,88.6,0.3,1.7,2.0,0.6,0.7,1.8,0.2,6.89,,,,1,Semi Final,5,145936297,145936297,145936297,False,3
P050,Nicolò Barella,Italy,Midfielder,Inter Milan,Serie A,Inter Milan,0,Inter Milan,Serie A,0,0,1364560.0,21.69,1.21,33.0,2467.0,3.0,6.0,9.0,0.109,0.219,1.3,0.7,1.0,0.1,1.3,1.7,52.0,85.1,0.5,2.8,1.5,0.4,0.8,0.5,0.1,6.95,,,,2,Final,6,14504939,14504939,14504939,False,3
P051,Bradley Barcola,France,Forward,Paris Saint-Germain,Ligue 1,Paris Saint-Germain,0,Paris Saint-Germain,Ligue 1,0,0,1650758.0,14.75,2.11,34.0,2194.0,14.0,10.0,24.0,0.574,0.41,2.2,1.0,0.6,0.2,0.6,1.5,25.8,83.4,0.2,0.3,0.8,0.6,0.9,0.3,0.1,7.25,,,,1,Winner,7,66864756,66864756,66864756,False,3
P052,Trent Alexander-Arnold,England,Defender,Liverpool,Premier League,Liverpool,0,Real Madrid,La Liga,1,1,16657873.0,7.61,7.03,33.0,2378.0,3.0,6.0,9.0,0.114,0.227,1.4,0.5,0.3,0.0,0.5,1.6,49.0,77.7,1.2,3.8,2.2,0.9,0.3,1.5,0.3,7.06,,,,1,Round of 16,3,48467485,48467485,179140683,False,3
P053,Bruno Guimarães,Brazil,Midfielder,Newcastle,Premier League,Newcastle,0,Newcastle,Premier League,0,0,3611599.0,11.7,0.8,38.0,3286.0,5.0,6.0,11.0,0.137,0.164,1.2,0.9,2.8,0.1,2.0,1.4,46.3,83.7,0.2,2.3,2.2,0.8,1.7,1.1,0.3,6.98,,,,5,Not Qualified,0,3712647,3712647,3712647,False,3
P054,Nico Williams,Spain,Forward,Athletic Club,La Liga,Athletic Club,0,Athletic Club,La Liga,0,0,5473490.0,,7.48,29.0,2001.0,5.0,5.0,10.0,0.225,0.225,1.9,2.3,1.2,0.3,1.6,1.4,20.0,79.2,0.9,0.5,1.0,0.2,0.6,0.1,0.0,6.98,,,,4,Not Qualified,0,1665900,1665900,1665900,False,3
P055,Yann Sommer,Switzerland,Goalkeeper,Inter Milan,Serie A,Inter Milan,0,Inter Milan,Serie A,0,0,1969824.0,2.8,1.84,33.0,2970.0,0.0,0.0,0.0,0.0,0.0,0.0,0.0,0.0,0.0,0.0,0.0,36.0,86.7,0.0,4.8,0.0,0.0,0.0,0.7,0.0,6.77,32.0,72.4,13.0,2,Final,6,14504939,14504939,14504939,False,3
P056,Eberechi Eze,England,Midfielder,Crystal Palace,Premier League,Crystal Palace,0,Arsenal,Premier League,1,1,3174674.0,8.29,1.42,34.0,2604.0,8.0,8.0,16.0,0.276,0.276,3.0,1.8,1.8,0.8,1.0,1.7,26.9,81.5,0.9,1.1,1.1,0.3,0.4,0.2,0.0,7.09,,,,12,Not Qualified,0,2336502,2336502,32288446,False,3
P057,Bryan Mbeumo,Cameroon,Forward,Brentford,Premier League,Brentford,0,Manchester United,Premier League,1,1,2331363.0,16.74,3.01,38.0,3417.0,20.0,7.0,27.0,0.527,0.184,2.2,1.4,1.2,0.3,1.2,1.8,28.7,73.9,1.3,0.8,1.3,0.4,0.7,1.3,0.1,7.33,,,,10,Not Qualified,0,895081,895081,65809385,False,3
P058,Victor Osimhen,Nigeria,Forward,Galatasaray,Super Lig,Galatasaray,0,Galatasaray,Super Lig,0,0,7743761.0,12.48,13.71,29.0,2296.0,26.0,5.0,31.0,1.019,0.196,4.7,0.8,1.7,1.4,1.2,1.1,11.8,66.9,0.2,0.2,0.2,0.3,1.0,0.8,0.0,7.77,,,,1,Not Qualified,0,18044149,18044149,18044149,False,3
P059,Pau Cubarsí,Spain,Defender,Barcelona,La Liga,Barcelona,0,Barcelona,La Liga,0,0,6050230.0,8.22,3.21,35.0,2621.0,0.0,3.0,3.0,0.0,0.103,0.2,0.2,0.3,0.0,0.0,0.3,74.0,93.6,0.0,2.7,1.0,0.5,0.7,2.5,0.3,6.73,,,,1,Semi Final,5,145936297,145936297,145936297,False,3
P060,Federico Dimarco,Italy,Defender,Inter Milan,Serie A,Inter Milan,0,Inter Milan,Serie A,0,0,1423934.0,11.26,1.16,33.0,2163.0,4.0,7.0,11.0,0.166,0.291,1.7,0.1,0.3,0.2,0.3,1.5,30.2,84.1,1.7,1.1,0.8,0.4,0.6,0.7,0.1,6.91,,,,2,Final,6,14504939,14504939,14504939,False,3
P061,Rafael Leão,Portugal,Forward,AC Milan,Serie A,AC Milan,0,AC Milan,Serie A,0,0,1626899.0,21.77,3.23,34.0,2332.0,8.0,8.0,16.0,0.309,0.309,1.9,1.7,1.5,0.2,1.1,1.7,22.7,77.0,0.5,0.7,0.5,0.2,0.6,0.1,0.0,7.21,,,,8,Knockout phase play-offs,2,18130469,18130469,18130469,False,3
P062,Moisés Caicedo,Ecuador,Midfielder,Chelsea,Premier League,Chelsea,0,Chelsea,Premier League,0,0,3228163.0,3.73,1.37,38.0,3356.0,1.0,2.0,3.0,0.027,0.054,0.5,0.8,1.5,0.0,0.7,0.8,56.7,90.2,0.1,2.5,3.0,1.3,1.8,1.4,0.3,7.02,,,,4,Not Qualified,0,43976708,43976708,43976708,False,2
P063,Jurriën Timber,Netherlands,Defender,Arsenal,Premier League,Arsenal,0,Arsenal,Premier League,0,0,1571638.0,15.08,0.84,30.0,2423.0,1.0,3.0,4.0,0.037,0.111,0.5,0.8,1.0,0.2,0.8,0.6,39.4,87.9,0.1,0.4,1.9,0.7,1.0,1.4,0.1,6.78,,,,2,Semi Final,5,32288446,32288446,32288446,False,2
P064,Martin Ødegaard,Norway,Midfielder,Arsenal,Premier League,Arsenal,0,Arsenal,Premier League,0,0,7529889.0,5.01,2.61,30.0,2332.0,3.0,8.0,11.0,0.116,0.309,1.6,0.8,0.8,0.0,1.3,2.1,46.3,86.9,0.6,1.3,0.6,0.2,0.4,0.2,0.0,6.9,,,,2,Semi Final,5,32288446,32288446,32288446,False,2
P065,Rodri,Spain,Midfielder,Manchester City,Premier League,Manchester City,0,Manchester City,Premier League,0,0,,,8.31,3.0,73.0,0.0,0.0,0.0,0.0,0.0,0.0,0.0,0.7,0.0,0.0,0.3,22.7,94.1,0.0,1.7,0.7,0.3,0.3,0.3,0.0,6.39,,,,3,Knockout phase play-offs,2,56452450,56452450,56452450,False,2
P066,Cristiano Ronaldo,Portugal,Forward,Al Nassr,Saudi Pro League,Al Nassr,0,Al Nassr,Saudi Pro League,0,0,674951353.0,1.8,41.33,30.0,,25.0,3.0,28.0,,,,,,,,,,,,,,,,,,,,,,3,Not Qualified,0,29861182,29861182,29861182,False,2
P067,Alejandro Balde,Spain,Defender,Barcelona,La Liga,Barcelona,0,Barcelona,La Liga,0,0,7199433.0,7.46,1.86,32.0,2292.0,0.0,4.0,4.0,0.0,0.157,0.4,1.4,1.2,0.0,0.8,0.8,39.1,91.2,0.4,0.6,0.6,0.2,0.5,0.6,0.2,6.73,,,,1,Semi Final,5,145936297,145936297,145936297,False,2
P068,Willian Pacho,Ecuador,Defender,Paris Saint-Germain,Ligue 1,Paris Saint-Germain,0,Paris Saint-Germain,Ligue 1,0,0,865000.0,,1.34,28.0,2131.0,0.0,1.0,1.0,0.0,0.042,0.1,0.1,0.3,0.0,0.1,0.1,69.8,94.9,0.0,1.4,2.0,1.4,0.7,3.2,0.8,6.88,,,,1,Winner,7,66864756,66864756,66864756,False,2
P069,Alphonso Davies,Canada,Defender,Bayern Munich,Bundesliga,Bayern Munich,0,Bayern Munich,Bundesliga,0,0,5558535.0,1.08,1.75,19.0,1562.0,1.0,2.0,3.0,0.058,0.115,0.9,1.6,1.4,0.2,1.0,1.4,60.1,91.1,0.1,0.5,1.6,0.7,0.4,1.1,0.1,7.08,,,,1,Semi Final,5,44903622,44903622,44903622,False,2
P070,Sandro Tonali,Italy,Midfielder,Newcastle,Premier League,Newcastle,0,Newcastle,Premier League,0,0,1830062.0,7.39,1.23,36.0,2632.0,4.0,2.0,6.0,0.137,0.068,1.0,0.6,1.4,0.1,0.6,0.8,40.6,85.9,0.4,1.4,1.4,0.9,1.0,0.8,0.3,6.83,,,,5,Not Qualified,0,3712647,3712647,3712647,False,2
P071,Rodrygo,Brazil,Forward,Real Madrid,La Liga,Real Madrid,0,Real Madrid,La Liga,0,0,23543099.0,4.67,6.18,30.0,1938.0,6.0,5.0,11.0,0.279,0.232,1.8,1.6,1.2,0.0,0.5,1.6,33.0,90.9,0.7,0.4,0.7,0.4,0.3,0.2,0.0,7.13,,,,2,Quarter Final,4,179140683,179140683,179140683,False,2
P072,Mike Maignan,France,Goalkeeper,AC Milan,Serie A,AC Milan,0,AC Milan,Serie A,0,0,2138274.0,3.2,1.21,37.0,3295.0,0.0,0.0,0.0,0.0,0.0,0.0,0.0,0.2,0.0,0.0,0.1,37.1,84.7,0.0,5.5,0.0,0.0,0.0,0.7,0.0,6.68,41.0,70.5,13.0,8,Knockout phase play-offs,2,18130469,18130469,18130469,False,2
P073,Marcus Thuram,France,Forward,Inter Milan,Serie A,Inter Milan,0,Inter Milan,Serie A,0,0,2625785.0,14.17,2.49,32.0,2299.0,14.0,4.0,18.0,0.548,0.157,2.0,0.8,1.1,0.4,0.9,1.3,17.0,75.0,0.1,0.1,0.6,0.1,0.9,0.5,0.1,7.24,,,,2,Final,6,14504939,14504939,14504939,False,2
P074,Martín Zubimendi,Spain,Midfielder,Real Sociedad,La Liga,Real Sociedad,0,Arsenal,Premier League,1,1,925572.0,15.11,2.65,36.0,2962.0,2.0,1.0,3.0,0.061,0.03,0.7,0.5,0.5,0.0,0.5,0.5,48.7,84.4,0.1,2.6,2.0,1.2,1.2,2.1,0.4,6.78,,,,11,Not Qualified,0,1303815,1303815,32288446,False,2
P075,Aurélien Tchouaméni,France,Midfielder,Real Madrid,La Liga,Real Madrid,0,Real Madrid,La Liga,0,0,9425269.0,2.13,1.5,32.0,2691.0,0.0,0.0,0.0,0.0,0.0,0.6,0.3,0.8,0.0,0.3,0.2,62.6,92.9,0.0,2.0,1.5,1.4,0.8,2.8,0.8,6.88,,,,2,Quarter Final,4,179140683,179140683,179140683,False,2
P076,Antoine Semenyo,Ghana,Forward,Bournemouth,Premier League,Bournemouth,0,Manchester City,Premier League,1,1,1107914.0,2.08,0.63,37.0,3210.0,11.0,5.0,16.0,0.308,0.14,3.4,1.9,1.0,0.4,2.1,1.2,26.9,78.2,0.2,0.5,1.5,0.3,2.0,0.9,0.2,7.2,,,,9,Not Qualified,0,1348261,1348261,56452450,False,2
P077,Josko Gvardiol,Croatia,Defender,Manchester City,Premier League,Manchester City,0,Manchester City,Premier League,0,0,1905376.0,6.76,1.13,37.0,3280.0,5.0,0.0,5.0,0.137,0.0,1.1,0.7,0.7,0.1,0.4,0.7,68.3,91.4,0.1,1.8,1.6,1.2,0.4,3.0,0.5,7.0,,,,3,Knockout phase play-offs,2,56452450,56452450,56452450,False,2
P078,Jan Oblak,Slovenia,Goalkeeper,Atletico Madrid,La Liga,Atletico Madrid,0,Atletico Madrid,La Liga,0,0,1707580.0,2.25,1.05,36.0,3240.0,0.0,0.0,0.0,0.0,0.0,0.0,0.1,0.1,0.0,0.0,0.0,21.2,76.3,0.0,3.9,0.0,0.0,0.0,0.7,0.0,6.68,30.0,74.1,15.0,3,Round of 16,3,17865213,17865213,17865213,False,2
P079,Álex Grimaldo,Spain,Defender,Bayer Leverkusen,Bundesliga,Bayer Leverkusen,0,Bayer Leverkusen,Bundesliga,0,0,1097069.0,1.74,0.87,32.0,2647.0,2.0,7.0,9.0,0.068,0.238,1.4,0.6,0.8,0.3,0.4,2.3,54.0,86.4,2.2,1.4,0.8,0.5,0.5,1.2,0.1,7.02,,,,2,Round of 16,3,4602479,4602479,4602479,False,2
P080,Marc Cucurella,Spain,Defender,Chelsea,Premier League,Chelsea,0,Chelsea,Premier League,0,0,3381130.0,7.42,2.72,36.0,2991.0,5.0,1.0,6.0,0.15,0.03,0.7,0.1,1.1,0.1,0.2,0.5,45.4,88.7,0.1,1.2,1.9,0.8,1.0,2.2,0.4,6.68,,,,4,Not Qualified,0,43976708,43976708,43976708,False,2
P081,Antonio Rüdiger,Germany,Defender,Real Madrid,La Liga,Real Madrid,0,Real Madrid,La Liga,0,0,13279073.0,2.33,3.33,29.0,2292.0,0.0,0.0,0.0,0.0,0.0,0.8,0.1,0.5,0.1,0.1,0.2,63.4,92.2,0.0,3.9,0.7,0.3,0.5,3.2,0.5,6.62,,,,2,Quarter Final,4,179140683,179140683,179140683,False,2
P082,Rúben Dias,Portugal,Defender,Manchester City,Premier League,Manchester City,0,Manchester City,Premier League,0,0,4470451.0,3.35,1.1,27.0,2269.0,0.0,0.0,0.0,0.0,0.0,0.8,0.1,0.3,0.0,0.0,0.2,85.5,93.8,0.0,3.1,0.6,0.7,0.4,2.6,0.7,6.66,,,,3,Knockout phase play-offs,2,56452450,56452450,56452450,False,2
P083,Arda Güler,Turkey,Midfielder,Real Madrid,La Liga,Real Madrid,0,Real Madrid,La Liga,0,0,17957631.0,9.88,7.1,28.0,1249.0,3.0,4.0,7.0,0.216,0.288,1.4,0.7,1.1,0.1,0.3,1.4,29.1,89.9,0.6,1.5,1.1,0.3,0.5,0.3,0.0,6.86,,,,2,Quarter Final,4,179140683,179140683,179140683,False,2
P084,Emiliano Martínez,Argentina,Goalkeeper,Aston Villa,Premier League,Aston Villa,0,Aston Villa,Premier League,0,0,15498968.0,7.17,4.07,37.0,3198.0,0.0,0.0,0.0,0.0,0.0,0.0,0.0,0.2,0.0,0.0,0.1,33.7,77.0,0.0,5.5,0.1,0.0,0.1,0.5,0.0,6.71,47.0,67.8,8.0,6,Quarter Final,4,4563304,4563304,4563304,False,2
P085,Morgan Rogers,England,Midfielder,Aston Villa,Premier League,Aston Villa,0,Aston Villa,Premier League,0,0,921508.0,12.25,1.03,37.0,3131.0,8.0,10.0,18.0,0.23,0.287,1.5,1.8,1.4,0.1,2.0,1.4,23.4,75.3,0.1,0.8,1.2,0.2,1.4,0.5,0.2,6.92,,,,6,Quarter Final,4,4563304,4563304,4563304,False,2
P086,Hugo Ekitiké,France,Forward,Eintracht Frankfurt,Bundesliga,Eintracht Frankfurt,0,Liverpool,Premier League,1,1,3613676.0,21.45,1.24,33.0,2582.0,15.0,8.0,23.0,0.523,0.279,3.5,1.6,0.5,0.6,1.0,1.3,18.9,76.4,0.2,0.4,0.5,0.2,1.2,0.7,0.0,7.31,,,,3,Not Qualified,0,1362671,1362671,48467485,False,2
P087,Jérémy Doku,Belgium,Forward,Manchester City,Premier League,Manchester City,0,Manchester City,Premier League,0,0,3811786.0,3.22,1.37,29.0,1515.0,3.0,6.0,9.0,0.178,0.356,1.0,3.7,1.1,0.2,2.0,1.1,24.1,84.4,0.4,0.2,1.1,0.1,0.3,0.1,0.0,7.11,,,,3,Knockout phase play-offs,2,56452450,56452450,56452450,False,2
P088,Kenan Yildiz,Turkey,Midfielder,Juventus,Serie A,Juventus,0,Juventus,Serie A,0,0,4862724.0,12.05,3.3,35.0,2413.0,7.0,4.0,11.0,0.261,0.149,1.7,1.7,1.4,0.1,1.2,1.6,28.1,86.2,0.8,0.7,1.5,0.1,0.7,0.2,0.0,7.01,,,,4,Knockout phase play-offs,2,58947998,58947998,58947998,False,2
P089,Nick Woltemade,Germany,Forward,Stuttgart,Bundesliga,Stuttgart,0,Newcastle,Premier League,1,1,1217052.0,9.37,1.43,28.0,1621.0,12.0,2.0,14.0,0.666,0.111,1.8,1.1,1.3,0.2,1.8,1.3,17.1,71.6,0.0,0.2,0.4,0.0,0.9,0.5,0.1,6.84,,,,9,League Phase,1,774673,774673,3712647,False,2
P090,Tijjani Reijnders,Netherlands,Midfielder,AC Milan,Serie A,AC Milan,0,Manchester City,Premier League,1,1,1933077.0,8.31,1.93,37.0,3132.0,10.0,4.0,14.0,0.287,0.115,2.1,1.0,0.6,0.1,0.9,1.3,40.3,89.5,0.4,1.6,0.7,1.0,0.8,0.6,0.1,6.99,,,,8,Knockout phase play-offs,2,18130469,18130469,56452450,False,2
P091,Dean Huijsen,Spain,Defender,Bournemouth,Premier League,Bournemouth,0,Real Madrid,La Liga,1,1,5486345.0,6.77,3.51,32.0,2422.0,3.0,2.0,5.0,0.111,0.074,0.6,0.1,0.3,0.1,0.0,0.5,50.0,84.2,0.1,4.0,1.1,1.6,1.0,6.1,0.9,6.93,,,,9,Not Qualified,0,1348261,1348261,179140683,False,2
P092,Antoine Griezmann,France,Forward,Atletico Madrid,La Liga,Atletico Madrid,0,Atletico Madrid,La Liga,0,0,38959251.0,0.72,4.38,38.0,2480.0,8.0,7.0,15.0,0.29,0.254,1.3,0.4,0.7,0.4,0.5,1.3,34.4,80.4,0.8,1.6,0.8,0.2,0.3,0.6,0.0,6.83,,,,3,Round of 16,3,17865213,17865213,17865213,False,2
P093,Joan García,Spain,Goalkeeper,Espanyol,La Liga,Espanyol,0,Barcelona,La Liga,1,1,3198020.0,,1.3,38.0,3420.0,0.0,0.0,0.0,0.0,0.0,0.0,0.0,0.2,0.0,0.0,0.0,27.9,66.9,0.0,6.1,0.0,0.0,0.0,1.0,0.0,6.94,51.0,73.7,8.0,14,Not Qualified,0,544974,544974,145936297,False,1
P094,Enzo Fernández,Argentina,Midfielder,Chelsea,Premier League,Chelsea,0,Chelsea,Premier League,0,0,13382106.0,6.47,2.76,36.0,2948.0,6.0,7.0,13.0,0.183,0.214,1.5,0.7,1.5,0.1,0.8,2.2,49.4,83.7,0.7,2.8,1.8,0.4,1.4,0.6,0.2,6.95,,,,4,Not Qualified,0,43976708,43976708,43976708,False,1
P095,Hakan Çalhanoğlu,Turkey,Midfielder,Inter Milan,Serie A,Inter Milan,0,Inter Milan,Serie A,0,0,6536943.0,3.21,2.25,29.0,1964.0,5.0,6.0,11.0,0.229,0.275,1.6,0.1,0.4,0.0,0.3,1.7,53.8,90.2,1.8,3.3,1.5,0.6,0.8,0.8,0.3,7.13,,,,2,Final,6,14504939,14504939,14504939,False,1
P096,Estêvão,Brazil,Midfielder,Palmeiras,Brazil Serie A,Palmeiras,0,Chelsea,Premier League,1,1,5107817.0,2.72,2.24,31.0,2114.0,13.0,9.0,22.0,0.553,0.383,2.7,2.7,1.2,0.2,1.7,1.6,21.2,82.7,0.5,1.0,1.0,0.2,0.8,0.2,0.0,7.38,,,,2,Not Qualified,0,7643850,7643850,43976708,False,1
P097,Phil Foden,England,Midfielder,Manchester City,Premier League,Manchester City,0,Manchester City,Premier League,0,0,12394364.0,2.41,4.22,28.0,1779.0,7.0,2.0,9.0,0.354,0.101,1.9,0.5,1.2,0.1,1.1,1.5,30.4,88.6,1.1,1.2,0.5,0.3,0.2,0.3,0.0,6.75,,,,3,Knockout phase play-offs,2,56452450,56452450,56452450,False,1
P098,Fermín López,Spain,Midfielder,Barcelona,La Liga,Barcelona,0,Barcelona,La Liga,0,0,6875926.0,12.75,2.0,28.0,1247.0,6.0,5.0,11.0,0.433,0.361,1.5,0.9,0.8,0.2,0.6,1.0,22.2,86.2,0.5,0.9,0.7,0.2,1.0,0.1,0.0,6.68,,,,1,Semi Final,5,145936297,145936297,145936297,False,1
P099,Bernardo Silva,Portugal,Midfielder,Manchester City,Premier League,Manchester City,0,Manchester City,Premier League,0,0,5318141.0,5.75,1.41,33.0,2668.0,4.0,4.0,8.0,0.135,0.135,1.0,0.8,1.0,0.1,1.0,1.6,50.8,89.0,0.4,1.4,1.7,0.7,0.8,0.9,0.2,6.91,,,,3,Knockout phase play-offs,2,56452450,56452450,56452450,False,1
P100,Kevin De Bruyne,Belgium,Midfielder,Manchester City,Premier League,Manchester City,0,Napoli,Serie A,1,0,26256502.0,0.9,8.02,28.0,1707.0,4.0,7.0,11.0,0.211,0.369,2.0,0.5,0.6,0.2,1.0,2.0,36.7,83.0,1.4,1.3,0.6,0.3,0.6,0.3,0.0,6.97,,,,3,Knockout phase play-offs,2,56452450,56452450,5281032,False,1
P101,Dani Olmo,Spain,Midfielder,Barcelona,La Liga,Barcelona,0,Barcelona,La Liga,0,0,5982140.0,4.74,6.11,25.0,1217.0,10.0,3.0,13.0,0.74,0.222,1.7,0.9,1.1,0.0,1.0,1.0,24.7,83.3,0.2,0.8,0.6,0.1,0.8,0.4,0.1,7.02,,,,1,Semi Final,5,145936297,145936297,145936297,False,1
P102,João Pedro,Brazil,Forward,Brighton,Premier League,Brighton,0,Chelsea,Premier League,1,1,2701763.0,7.46,3.13,27.0,1955.0,10.0,6.0,16.0,0.46,0.276,1.7,1.1,1.7,0.1,1.4,1.1,23.2,74.6,0.2,0.5,0.6,0.3,1.0,0.4,0.0,6.89,,,,8,Not Qualified,0,2132231,2132231,43976708,False,1
P103,Theo Hernández,France,Defender,AC Milan,Serie A,AC Milan,0,Al Hilal,Saudi Pro League,1,0,4679646.0,4.13,2.36,33.0,2699.0,4.0,3.0,7.0,0.133,0.1,1.3,0.7,1.3,0.1,0.6,1.4,40.8,87.5,0.8,1.0,1.1,0.5,0.5,1.9,0.3,6.92,,,,8,Knockout phase play-offs,2,18130469,18130469,10643768,False,1
P104,Mikel Oyarzabal,Spain,Forward,Real Sociedad,La Liga,Real Sociedad,0,Real Sociedad,La Liga,0,0,418461.0,7.73,0.91,35.0,2263.0,9.0,3.0,12.0,0.358,0.119,1.2,0.3,0.6,0.5,0.9,0.4,14.0,74.3,0.1,0.2,0.7,0.1,0.4,0.4,0.0,6.46,,,,11,Not Qualified,0,1303815,1303815,1303815,False,1
P105,Daniel Muñoz,Columbia,Defender,Crystal Palace,Premier League,Crystal Palace,0,Crystal Palace,Premier League,0,0,1015532.0,2.8,0.62,37.0,3233.0,4.0,5.0,9.0,0.111,0.139,1.0,0.6,0.5,0.4,0.5,1.2,30.7,75.1,0.5,0.8,3.3,1.2,1.5,2.5,0.2,7.11,,,,12,Not Qualified,0,2336502,2336502,2336502,False,1
P106,André-Frank Zambo Anguissa,Cameroon,Midfielder,Napoli,Serie A,Napoli,0,Napoli,Serie A,0,0,399000.0,,0.6,35.0,2858.0,6.0,4.0,10.0,0.189,0.126,1.3,0.7,1.0,0.1,1.0,0.7,42.1,85.5,0.1,1.1,1.2,1.0,1.1,1.1,0.2,6.98,,,,1,Not Qualified,0,5281032,5281032,5281032,False,1
P107,Dani Carvajal,Spain,Defender,Real Madrid,La Liga,Real Madrid,0,Real Madrid,La Liga,0,0,14189794.0,4.31,3.24,8.0,611.0,1.0,0.0,1.0,0.147,0.0,0.4,0.3,0.8,0.0,0.8,0.6,50.3,88.1,0.1,1.5,1.5,1.3,0.4,1.8,0.4,6.89,,,,2,Quarter Final,4,179140683,179140683,179140683,False,1
P108,Granit Xhaka,Switzerland,Midfielder,Bayer Leverkusen,Bundesliga,Bayer Leverkusen,0,Sunderland,Premier League,1,0,3569661.0,2.19,1.15,33.0,2892.0,2.0,7.0,9.0,0.062,0.218,0.6,0.2,1.0,0.0,0.4,1.5,83.4,90.8,0.2,4.5,1.5,0.4,1.0,1.5,0.2,6.93,,,,2,Round of 16,3,4602479,4602479,1391232,False,1
P109,Nico Paz,Argentina,Midfielder,Como,Serie A,Como,0,Como,Serie A,0,0,3314210.0,14.06,1.72,35.0,2695.0,6.0,8.0,14.0,0.2,0.267,3.1,2.0,0.9,0.1,1.3,1.5,33.6,83.4,0.3,0.7,1.5,0.6,1.3,0.4,0.1,7.12,,,,10,Not Qualified,0,2086623,2086623,2086623,False,1
P110,Reece James,England,Defender,Chelsea,Premier League,Chelsea,0,Chelsea,Premier League,0,0,3571328.0,8.27,1.13,19.0,1064.0,1.0,1.0,2.0,0.085,0.085,0.6,0.4,0.6,0.0,0.5,0.6,39.1,88.4,0.4,1.9,0.5,0.7,0.4,1.1,0.3,6.54,,,,4,Not Qualified,0,43976708,43976708,43976708,False,1
P111,Giorgian de Arrascaeta,Uruguay,Midfielder,Flamengo,Brazil Serie A,Flamengo,0,Flamengo,Brazil Serie A,0,0,8779013.0,5.8,1.33,15.0,1008.0,5.0,5.0,10.0,0.446,0.446,1.5,1.2,1.9,0.1,1.4,1.9,38.3,83.8,0.9,1.0,1.1,0.3,0.7,0.2,0.1,7.26,,,,3,Not Qualified,0,24949886,24949886,24949886,False,1
P112,Riccardo Calafiori,Italy,Defender,Arsenal,Premier League,Arsenal,0,Arsenal,Premier League,0,0,2383705.0,12.58,1.95,19.0,986.0,2.0,1.0,3.0,0.183,0.091,0.5,0.5,0.3,0.2,0.3,0.3,25.2,87.9,0.1,0.8,1.4,0.5,0.8,1.3,0.3,6.65,,,,2,Semi Final,5,32288446,32288446,32288446,False,1
P113,Mikel Merino,Spain,Midfielder,Arsenal,Premier League,Arsenal,0,Arsenal,Premier League,0,0,1654380.0,9.07,2.57,28.0,1582.0,7.0,2.0,9.0,0.398,0.114,1.4,0.3,0.8,0.3,1.0,0.6,19.9,79.9,0.1,0.3,1.6,0.5,1.5,0.8,0.2,6.8,,,,2,Semi Final,5,32288446,32288446,32288446,False,1
P114,Mile Svilar,Serbia,Goalkeeper,Roma,Serie A,Roma,0,Roma,Serie A,0,0,339222.0,19.12,0.57,38.0,3420.0,0.0,0.0,0.0,0.0,0.0,0.0,0.0,0.2,0.0,0.0,0.0,33.9,76.2,0.0,4.6,0.0,0.0,0.0,0.6,0.0,6.85,35.0,77.1,16.0,5,Not Qualified,0,7215677,7215677,7215677,False,1
P115,Miloš Kerkez,Hungary,Defender,Bournemouth,Premier League,Bournemouth,0,Liverpool,Premier League,1,1,2078505.0,3.65,1.47,38.0,3341.0,2.0,5.0,7.0,0.054,0.135,0.5,0.6,1.3,0.1,0.6,0.9,35.5,80.4,1.0,1.2,1.4,1.2,0.8,2.6,0.3,6.77,,,,9,Not Qualified,0,1348261,1348261,48467485,False,1
P116,Tino Livramento,England,Defender,Newcastle,Premier League,Newcastle,0,Newcastle,Premier League,0,0,263000.0,,0.6,37.0,2842.0,0.0,1.0,1.0,0.0,0.032,0.2,0.7,0.9,0.1,1.1,0.7,36.6,87.4,0.3,0.6,1.5,0.6,0.2,2.5,0.3,6.68,,,,5,Not Qualified,0,3712647,3712647,3712647,False,1
P117,Manuel Neuer,Germany,Goalkeeper,Bayern Munich,Bundesliga,Bayern Munich,0,Bayern Munich,Bundesliga,0,0,15035151.0,1.9,3.73,22.0,1980.0,0.0,0.0,0.0,0.0,0.0,0.0,0.0,0.0,0.0,0.0,0.0,38.3,85.0,0.0,7.0,0.0,0.0,0.0,0.6,0.0,6.63,15.0,67.4,13.0,1,Quarter Final,4,44903622,44903622,44903622,False,1
P118,Mason Greenwood,Jamaica,Forward,Marseille,Ligue 1,Marseille,0,Marseille,Ligue 1,0,0,3173821.0,7.7,2.65,34.0,2819.0,21.0,5.0,26.0,0.67,0.16,3.5,1.6,1.1,0.1,1.3,1.4,37.2,83.3,0.8,1.9,1.0,0.4,0.7,0.1,0.0,7.38,,,,2,Not Qualified,0,3913977,3913977,3913977,False,1
P119,Álvaro Carreras,Spain,Defender,Benfica,Liga Portugal,Benfica,0,Real Madrid,La Liga,1,1,3130799.0,5.56,1.55,32.0,2746.0,3.0,1.0,4.0,0.098,0.033,0.6,1.1,0.9,0.1,0.4,1.0,52.9,82.8,0.6,3.0,2.0,1.3,1.2,2.1,0.3,7.06,,,,2,Round of 16,3,3480938,3480938,179140683,False,1
P120,Micky van de Ven,Netherlands,Defender,Tottenham,Premier League,Tottenham,0,Tottenham,Premier League,0,0,1007956.0,13.0,0.97,13.0,1019.0,0.0,2.0,2.0,0.0,0.177,0.5,0.3,0.7,0.0,0.4,0.2,61.3,91.0,0.0,1.5,0.8,0.8,0.8,2.9,0.6,6.5,,,,17,Not Qualified,0,16979444,16979444,16979444,False,1
P121,Antony,Brazil,Forward,Real Betis,La Liga,Manchester United,1,Real Betis,La Liga,0,0,10784174.0,2.29,6.87,17.0,1365.0,5.0,2.0,7.0,0.33,0.132,2.5,1.4,1.6,0.1,1.2,2.2,41.6,84.0,0.6,0.9,1.5,0.6,0.9,0.4,0.1,7.18,,,,6,Not Qualified,0,3201049,3201049,3201049,False,1
P122,Marcus Rashford,England,Midfielder,Aston Villa,Premier League,Manchester United,1,Barcelona,La Liga,1,1,22356855.0,2.84,7.34,10.0,443.0,2.0,2.0,4.0,0.406,0.406,1.9,0.9,0.3,0.1,0.1,1.3,13.4,82.1,0.6,0.4,1.0,0.1,0.1,0.2,0.0,6.82,,,,6,Quarter Final,4,4563304,4563304,145936297,False,1
P123,Mohammed Kudus,Ghana,Forward,West Ham,Premier League,West Ham,0,Tottenham,Premier League,1,1,942896.0,8.65,1.15,32.0,2604.0,5.0,3.0,8.0,0.173,0.104,2.3,2.9,2.0,0.6,2.9,1.0,24.0,89.9,0.7,1.1,1.2,0.1,1.2,0.3,0.0,6.89,,,,14,Not Qualified,0,4478833,4478833,16979444,False,1
P124,Matz Sels,Belgium,Goalkeeper,Nottingham Forest,Premier League,Nottingham Forest,0,Nottingham Forest,Premier League,0,0,105000.0,,0.55,38.0,3420.0,0.0,0.0,0.0,0.0,0.0,0.0,0.0,0.3,0.0,0.0,0.1,23.7,48.6,0.0,6.8,0.0,0.0,0.0,1.4,0.0,6.79,46.0,71.8,13.0,7,Not Qualified,0,1404858,1404858,1404858,False,1
P125,Unai Simón,Spain,Goalkeeper,Athletic Club,La Liga,Athletic Club,0,Athletic Club,La Liga,0,0,,,0.91,21.0,1890.0,0.0,0.0,0.0,0.0,0.0,0.0,0.0,0.1,0.0,0.0,0.0,26.6,65.8,0.0,6.0,0.0,0.0,0.0,0.9,0.0,6.71,14.0,77.0,10.0,4,Not Qualified,0,1665900,1665900,1665900,False,1
P126,Jeremie Frimpong,Netherlands,Defender,Bayer Leverkusen,Bundesliga,Bayer Leverkusen,0,Liverpool,Premier League,1,1,3063130.0,4.34,1.95,33.0,2328.0,5.0,5.0,10.0,0.193,0.193,1.0,0.8,0.9,0.3,0.8,0.9,22.1,84.0,0.7,0.4,1.0,0.2,0.6,0.6,0.0,6.69,,,,2,Round of 16,3,4602479,4602479,48467485,False,1
P127,Murillo,Brazil,Defender,Nottingham Forest,Premier League,Nottingham Forest,0,Nottingham Forest,Premier League,0,0,702516.0,6.51,0.64,36.0,3191.0,2.0,0.0,2.0,0.056,0.0,0.7,0.8,0.2,0.0,0.3,0.4,39.4,79.5,0.2,3.3,1.5,1.0,0.8,6.7,1.3,7.01,,,,7,Not Qualified,0,1404858,1404858,1404858,False,1
P128,Ibrahima Konaté,France,Defender,Liverpool,Premier League,Liverpool,0,Liverpool,Premier League,0,0,3749407.0,8.21,1.38,31.0,2567.0,1.0,2.0,3.0,0.035,0.07,0.6,0.1,0.6,0.0,0.1,0.3,61.2,90.3,0.0,1.5,1.3,0.5,0.9,4.0,0.5,6.84,,,,1,Round of 16,3,48467485,48467485,48467485,False,1
P129,Rodrigo De Paul,Argentina,Midfielder,Atletico Madrid,La Liga,Atletico Madrid,0,Inter Miami,MLS,1,1,15005477.0,5.77,1.57,34.0,2114.0,3.0,5.0,8.0,0.128,0.213,0.6,0.4,1.4,0.0,0.7,1.2,49.5,84.1,0.5,3.0,1.0,0.2,0.6,0.4,0.1,6.69,,,,3,Round of 16,3,17865213,17865213,18271962,False,1
P130,Thiago Almada,Argentina,Midfielder,Lyon,Ligue 1,Lyon,0,Atletico Madrid,La Liga,1,1,2541184.0,4.57,1.57,16.0,949.0,1.0,4.0,5.0,0.095,0.379,1.4,0.5,0.5,0.1,0.6,1.4,42.9,90.5,0.5,1.6,0.9,0.4,0.6,0.3,0.0,6.57,,,,6,Not Qualified,0,3200000,3200000,17865213,False,1
P131,Oihan Sancet,Spain,Midfielder,Athletic Club,La Liga,Athletic Club,0,Athletic Club,La Liga,0,0,121000.0,,0.7,29.0,1628.0,15.0,1.0,16.0,0.829,0.055,1.7,0.8,0.8,0.2,1.6,0.7,18.8,83.8,0.1,0.7,0.4,0.2,0.6,0.2,0.0,6.82,,,,4,Not Qualified,0,1665900,1665900,1665900,False,1
P132,Isco,Spain,Midfielder,Real Betis,La Liga,Real Betis,0,Real Betis,La Liga,0,0,29156053.0,0.58,1.93,22.0,1552.0,9.0,8.0,17.0,0.522,0.464,2.0,1.2,2.0,0.2,1.2,2.8,48.8,86.2,1.2,3.1,0.9,0.5,1.0,0.3,0.0,7.2,,,,6,Not Qualified,0,3201049,3201049,3201049,False,1
P133,Morgan Gibbs-White,England,Midfielder,Nottingham Forest,Premier League,Nottingham Forest,0,Nottingham Forest,Premier League,0,0,477555.0,6.26,0.96,34.0,2825.0,7.0,8.0,15.0,0.223,0.255,1.8,0.9,1.2,0.2,1.3,1.5,35.7,80.7,0.4,1.5,1.3,0.7,1.1,0.9,0.1,7.0,,,,7,Not Qualified,0,1404858,1404858,1404858,False,1
P134,Xavi Simons,Netherlands,Midfielder,RB Leipzig,Bundesliga,RB Leipzig,0,Tottenham,Premier League,1,1,6745458.0,2.69,1.53,25.0,2157.0,10.0,7.0,17.0,0.417,0.292,2.0,1.3,2.2,0.2,2.2,2.0,44.2,82.9,0.8,1.5,1.1,0.5,1.0,0.6,0.1,7.32,,,,7,League Phase,1,2229632,2229632,16979444,False,1
P135,Giuliano Simeone,Argentina,Midfielder,Atletico Madrid,La Liga,Atletico Madrid,0,Atletico Madrid,La Liga,0,0,1312366.0,6.95,1.41,33.0,1943.0,2.0,6.0,8.0,0.093,0.278,0.7,0.9,1.3,0.2,0.6,0.7,21.7,78.8,0.3,0.1,0.8,0.4,0.7,0.5,0.1,6.66,,,,3,Round of 16,3,17865213,17865213,17865213,False,1
P136,Christian Pulisic,USA,Forward,AC Milan,Serie A,AC Milan,0,AC Milan,Serie A,0,0,7769844.0,2.49,2.2,34.0,2490.0,11.0,9.0,20.0,0.398,0.325,1.7,1.1,1.1,0.1,1.2,2.0,27.5,83.5,0.8,0.6,1.3,0.1,0.6,0.4,0.1,7.08,,,,8,Knockout phase play-offs,2,18130469,18130469,18130469,False,1
P137,Cody Gakpo,Netherlands,Forward,Liverpool,Premier League,Liverpool,0,Liverpool,Premier League,0,0,2458599.0,5.54,1.48,35.0,1939.0,10.0,4.0,14.0,0.464,0.186,1.6,0.9,0.9,0.1,0.7,1.1,15.6,83.7,0.3,0.4,0.8,0.3,0.6,0.5,0.1,6.86,,,,1,Round of 16,3,48467485,48467485,48467485,False,1
P138,Ademola Lookman,Nigeria,Forward,Atalanta,Serie A,Atalanta,0,Atletico Madrid,La Liga,1,1,1901195.0,14.91,2.31,31.0,2266.0,15.0,5.0,20.0,0.596,0.199,2.6,1.2,0.6,0.8,1.6,2.0,26.0,79.0,1.2,0.3,1.0,0.1,1.0,0.2,0.0,7.24,,,,3,Knockout phase play-offs,2,1184920,1184920,17865213,False,1
P139,Benjamin Šeško,Slovenia,Forward,RB Leipzig,Bundesliga,RB Leipzig,0,Manchester United,Premier League,1,1,2297027.0,25.23,1.94,33.0,2399.0,13.0,5.0,18.0,0.488,0.188,2.1,1.2,0.6,0.5,1.7,0.6,18.2,68.2,0.1,0.2,0.2,0.2,0.8,0.6,0.1,6.92,,,,7,League Phase,1,2229632,2229632,65809385,False,1
P140,Kai Havertz,Germany,Forward,Arsenal,Premier League,Arsenal,0,Arsenal,Premier League,0,0,6325765.0,4.36,2.45,23.0,1875.0,9.0,3.0,12.0,0.432,0.144,2.3,0.4,1.0,0.6,1.0,0.7,21.8,79.8,0.1,0.0,0.7,0.3,1.7,1.4,0.2,7.0,,,,2,Semi Final,5,32288446,32288446,32288446,False,1
P141,Jonathan David,Canada,Forward,Lille,Ligue 1,Lille,0,Juventus,Serie A,1,1,495491.0,4.35,1.71,32.0,2558.0,16.0,5.0,21.0,0.563,0.176,2.3,0.6,1.1,0.3,1.3,1.1,21.2,82.7,0.0,0.3,0.8,0.2,0.8,0.3,0.1,6.96,,,,5,Round of 16,3,1183448,1183448,58947998,False,1
P142,Chris Wood,New Zealand,Forward,Nottingham Forest,Premier League,Nottingham Forest,0,Nottingham Forest,Premier League,0,0,173969.0,6.81,1.36,36.0,2978.0,20.0,3.0,23.0,0.604,0.091,1.9,0.1,0.7,0.8,0.8,0.6,13.4,64.9,0.0,0.4,0.2,0.1,0.7,0.8,0.2,6.96,,,,7,Not Qualified,0,1404858,1404858,1404858,False,1
P143,Matheus Cunha,Brazil,Forward,Wolves,Premier League,Wolves,0,Manchester United,Premier League,1,1,6155554.0,15.29,2.69,33.0,2604.0,15.0,6.0,21.0,0.518,0.207,3.3,1.8,2.2,0.2,1.7,1.7,28.8,79.3,0.8,1.5,1.2,0.5,1.3,0.6,0.0,7.32,,,,16,Not Qualified,0,3011380,3011380,65809385,False,1
P144,Omar Marmoush,Egypt,Forward,Manchester City,Premier League,Eintracht Frankfurt,0,Manchester City,Premier League,0,0,5521873.0,9.99,5.19,16.0,1183.0,7.0,0.0,7.0,0.533,0.0,3.1,1.3,1.3,0.6,1.2,0.9,17.9,84.3,0.6,0.1,0.8,0.4,0.9,0.2,0.1,7.13,,,,3,Knockout phase play-offs,2,56452450,56452450,56452450,False,1
P145,Mateo Retegui,Italy,Forward,Atalanta,Serie A,Atalanta,0,Al Qadsiah,Saudi Pro League,1,0,371494.0,4.94,1.59,36.0,2405.0,25.0,8.0,33.0,0.936,0.299,2.9,0.3,0.9,0.2,1.3,1.1,15.4,78.1,0.1,0.4,0.4,0.1,0.9,0.5,0.0,7.17,,,,3,Knockout phase play-offs,2,1184920,1184920,490433,False,1
