player_name,name_key,in_ballondor,consensus_count,club,league,position,position_group,nationality,club_season_start,mid_season_tranfers,appearances,minutes,goals,assists,G_plus_A,goals_p90,assists_p90,shots_pg,dribbles,fouled,offsides,dispossessed,key_passes,passes_pg,pass_pct,crosses,long_balls,tackles,interceptions,fouls,clearances,blocks,gk_goals_against,gk_save_pct,gk_clean_sheets,team_league_position,ucl_stage,ucl_stage_ord,Whoscored_Rating
Ousmane Dembélé,ousmane dembele,True,3,Paris Saint-Germain,Ligue 1,Forward,Forward,France,Paris Saint-Germain,0,29.0,1737.0,21.0,6.0,27.0,1.088,0.311,3.3,1.4,0.5,0.3,1.1,2.2,33.7,83.2,1.0,1.2,0.4,0.3,0.3,0.0,0.0,,,,1,Winner,7,7.65
Lamine Yamal,lamine yamal,True,3,Barcelona,La Liga,Forward,Forward,Spain,Barcelona,0,35.0,2864.0,9.0,13.0,22.0,0.283,0.409,4.1,4.6,1.7,0.4,1.4,1.8,40.4,78.9,0.6,0.9,1.2,0.5,0.9,0.1,0.0,,,,1,Semi Final,5,8.01
Vitinha,vitinha,True,3,Paris Saint-Germain,Ligue 1,Midfielder,Midfielder,Portugal,Paris Saint-Germain,0,29.0,2036.0,5.0,1.0,6.0,0.221,0.044,0.9,0.9,0.4,0.0,0.7,0.9,81.7,93.8,0.2,5.2,1.5,0.5,0.3,0.6,0.2,,,,1,Winner,7,7.01
Mohamed Salah,mohamed salah,True,3,Liverpool,Premier League,Forward,Forward,Egypt,Liverpool,0,38.0,3380.0,29.0,18.0,47.0,0.772,0.479,3.4,1.5,1.0,0.5,1.8,2.3,30.4,73.9,0.4,0.7,0.6,0.2,0.7,0.1,0.0,,,,1,Round of 16,3,7.61
Raphinha,raphinha,True,3,Barcelona,La Liga,Forward,Forward,Brazil,Barcelona,0,36.0,2845.0,18.0,9.0,27.0,0.569,0.285,3.2,1.4,1.0,0.3,0.8,2.5,34.8,79.5,1.5,1.3,1.0,0.3,0.3,0.6,0.1,,,,1,Semi Final,5,7.62
Achraf Hakimi,achraf hakimi,True,3,Paris Saint-Germain,Ligue 1,Defender,Defender,Morocco,Paris Saint-Germain,0,25.0,2068.0,4.0,6.0,10.0,0.174,0.261,1.3,1.0,1.0,0.3,0.6,2.0,76.3,90.9,0.7,1.6,1.9,1.2,0.8,0.6,0.1,,,,1,Winner,7,7.3
Kylian Mbappé,kylian mbappe,True,3,Real Madrid,La Liga,Forward,Forward,France,Real Madrid,0,34.0,2917.0,31.0,3.0,34.0,0.956,0.093,4.7,2.4,1.2,1.3,1.4,1.5,32.2,85.3,0.2,1.3,0.2,0.0,0.7,0.0,0.0,,,,2,Quarter Final,4,7.75
Cole Palmer,cole palmer,True,3,Chelsea,Premier League,Midfielder,Midfielder,England,Chelsea,0,37.0,3199.0,15.0,8.0,23.0,0.422,0.225,3.4,1.4,1.6,0.2,1.0,2.4,35.4,83.1,0.9,2.5,0.9,0.3,0.4,0.5,0.0,,,,4,Not Qualified,0,7.33
Gianluigi Donnarumma,gianluigi donnarumma,True,3,Paris Saint-Germain,Ligue 1,Goalkeeper,Goalkeeper,Italy,Paris Saint-Germain,0,24.0,2092.0,0.0,0.0,0.0,0.0,0.0,0.0,0.0,0.1,0.0,0.0,0.0,22.6,85.4,0.0,2.6,0.0,0.1,0.0,1.6,0.0,25.0,66.7,4.0,1,Winner,7,7.06
Nuno Mendes,nuno mendes,True,3,Paris Saint-Germain,Ligue 1,Defender,Defender,Portugal,Paris Saint-Germain,0,24.0,1676.0,1.0,3.0,4.0,0.054,0.161,0.9,1.3,1.0,0.0,0.9,1.3,54.4,88.6,0.9,2.2,1.3,0.8,0.5,1.4,0.3,,,,1,Winner,7,7.03
Pedri,pedri,True,3,Barcelona,La Liga,Midfielder,Midfielder,Spain,Barcelona,0,37.0,2897.0,4.0,5.0,9.0,0.124,0.155,0.7,1.1,1.4,0.1,0.9,1.9,72.2,89.0,0.3,3.9,1.6,0.7,0.3,0.3,0.1,,,,1,Semi Final,5,7.16
Khvicha Kvaratskhelia,khvicha kvaratskhelia,True,3,Paris Saint-Germain,Ligue 1,Forward,Forward,Georgia,Napoli,1,14.0,920.0,4.0,3.0,7.0,0.391,0.293,2.4,1.8,1.3,0.0,1.8,1.8,36.2,89.3,0.7,0.5,1.4,0.1,0.9,0.2,0.0,,,,1,Winner,7,7.34
Harry Kane,harry kane,True,3,Bayern Munich,Bundesliga,Forward,Forward,England,Bayern Munich,0,31.0,2391.0,26.0,8.0,34.0,0.979,0.301,3.7,0.7,0.7,0.5,0.7,1.1,19.9,80.7,0.1,1.3,0.4,0.1,0.3,0.5,0.1,,,,1,Quarter Final,4,7.72
Désiré Doué,desire doue,True,3,Paris Saint-Germain,Ligue 1,Forward,Forward,France,Paris Saint-Germain,0,31.0,1735.0,6.0,6.0,12.0,0.311,0.311,1.8,0.8,1.4,0.0,1.2,1.8,33.2,86.1,0.7,0.8,1.5,0.4,0.9,0.2,0.0,,,,1,Winner,7,7.21
Viktor Gyökeres,viktor gyokeres,True,3,Sporting CP,Liga Portugal,Forward,Forward,Sweden,Sporting CP,0,33.0,2804.0,39.0,7.0,46.0,1.252,0.225,4.2,1.8,2.3,0.3,1.7,1.9,20.5,73.1,0.2,0.1,0.3,0.2,0.7,0.6,0.1,,,,1,Knockout phase play-offs,2,8.08
Vinícius Júnior,vinicius junior,True,3,Real Madrid,La Liga,Forward,Forward,Brazil,Real Madrid,0,30.0,2259.0,11.0,8.0,19.0,0.438,0.319,2.7,2.7,2.3,0.3,1.6,2.0,27.5,79.0,0.4,1.3,0.7,0.1,1.0,0.0,0.0,,,,2,Quarter Final,4,7.23
Robert Lewandowski,robert lewandowski,True,3,Barcelona,La Liga,Forward,Forward,Poland,Barcelona,0,34.0,2682.0,27.0,2.0,29.0,0.906,0.067,3.4,0.6,1.1,0.5,1.3,0.6,15.1,74.7,0.0,0.3,0.3,0.1,0.9,0.8,0.1,,,,1,Semi Final,5,7.27
Scott McTominay,scott mctominay,True,3,Napoli,Serie A,Midfielder,Midfielder,Scotland,Napoli,0,34.0,2941.0,12.0,4.0,16.0,0.367,0.122,2.2,1.1,1.8,0.1,1.4,0.8,26.7,85.1,0.0,1.2,1.3,0.7,1.3,1.5,0.1,,,,1,Not Qualified,0,7.26
João Neves,joao neves,True,3,Paris Saint-Germain,Ligue 1,Midfielder,Midfielder,Portugal,Paris Saint-Germain,0,29.0,1851.0,3.0,8.0,11.0,0.146,0.389,1.0,0.6,1.1,0.1,0.6,1.1,54.1,92.2,0.1,2.2,2.2,0.8,0.6,0.7,0.3,,,,1,Winner,7,7.11
Lautaro Martínez,lautaro martinez,True,3,Inter Milan,Serie A,Forward,Forward,Argentina,Inter Milan,0,31.0,2579.0,12.0,3.0,15.0,0.419,0.105,3.3,0.5,1.4,0.7,1.7,1.2,19.7,76.6,0.1,0.9,1.0,0.3,1.3,0.5,0.1,,,,2,Final,6,7.13
Serhou Guirassy,serhou guirassy,True,2,Borussia Dortmund,Bundesliga,Forward,Forward,Guinea,Borussia Dortmund,0,30.0,2601.0,21.0,2.0,23.0,0.727,0.069,3.0,0.4,1.8,0.4,1.0,0.8,20.8,73.0,0.0,0.3,0.2,0.1,0.5,1.3,0.1,,,,4,Quarter Final,4,7.3
Alexis Mac Allister,alexis mac allister,True,3,Liverpool,Premier League,Midfielder,Midfielder,Argentina,Liverpool,0,35.0,2608.0,5.0,5.0,10.0,0.173,0.173,1.1,0.5,1.1,0.1,0.6,1.3,40.7,87.2,0.6,1.4,2.7,0.6,1.8,0.8,0.2,,,,1,Round of 16,3,7.08
Jude Bellingham,jude bellingham,True,3,Real Madrid,La Liga,Midfielder,Midfielder,England,Real Madrid,0,31.0,2495.0,9.0,8.0,17.0,0.325,0.289,2.0,1.3,2.1,0.3,1.4,1.4,48.7,87.5,0.0,2.2,2.0,0.9,1.1,0.7,0.1,,,,2,Quarter Final,4,7.27
Fabián Ruiz,fabian ruiz,True,3,Paris Saint-Germain,Ligue 1,Midfielder,Midfielder,Spain,Paris Saint-Germain,0,30.0,1923.0,4.0,5.0,9.0,0.187,0.234,1.4,0.5,0.3,0.2,0.5,1.2,52.9,91.0,0.1,2.4,1.2,0.5,0.2,0.8,0.1,,,,1,Winner,7,6.87
Denzel Dumfries,denzel dumfries,True,3,Inter Milan,Serie A,Defender,Defender,Netherlands,Inter Milan,0,29.0,1952.0,7.0,2.0,9.0,0.323,0.092,1.2,0.4,0.6,0.2,0.5,0.7,21.6,76.7,0.5,0.6,0.9,0.2,1.9,0.8,0.3,,,,2,Final,6,6.88
Erling Haaland,erling haaland,True,3,Manchester City,Premier League,Forward,Forward,Norway,Manchester City,0,31.0,2742.0,22.0,3.0,25.0,0.722,0.098,3.5,0.4,0.4,0.1,0.9,0.9,12.1,67.5,0.0,0.1,0.4,0.2,0.8,0.7,0.0,,,,3,Knockout phase play-offs,2,7.32
Declan Rice,declan rice,True,3,Arsenal,Premier League,Midfielder,Midfielder,England,Arsenal,0,35.0,2833.0,4.0,7.0,11.0,0.127,0.222,1.4,0.4,0.5,0.1,0.9,1.7,42.2,89.8,1.3,1.7,1.5,0.7,0.6,1.4,0.4,,,,2,Semi Final,5,7.09
Virgil van Dijk,virgil van dijk,True,3,Liverpool,Premier League,Defender,Defender,Netherlands,Liverpool,0,37.0,3330.0,3.0,1.0,4.0,0.081,0.027,0.7,0.1,0.4,0.0,0.1,0.3,79.0,91.7,0.0,4.2,1.0,1.5,0.5,5.1,0.4,,,,1,Round of 16,3,7.07
Florian Wirtz,florian wirtz,True,3,Bayer Leverkusen,Bundesliga,Midfielder,Midfielder,Germany,Bayer Leverkusen,0,31.0,2357.0,10.0,12.0,22.0,0.382,0.458,2.5,2.6,1.3,0.4,1.5,1.8,51.3,82.3,0.5,1.1,1.0,0.3,0.7,0.2,0.1,,,,2,Round of 16,3,7.5
Michael Olise,michael olise,True,3,Bayern Munich,Bundesliga,Forward,Forward,France,Bayern Munich,0,34.0,2348.0,12.0,15.0,27.0,0.46,0.575,2.5,2.1,1.9,0.1,0.9,2.7,41.4,86.2,1.1,0.8,1.1,0.2,0.6,0.4,0.6,,,,1,Quarter Final,4,7.74
Bukayo Saka,bukayo saka,False,3,Arsenal,Premier League,Forward,Forward,England,Arsenal,0,25.0,1737.0,6.0,10.0,16.0,0.311,0.518,2.7,1.6,1.6,0.3,1.6,2.3,23.9,84.3,1.5,0.3,1.2,0.1,0.6,0.2,0.0,,,,2,Semi Final,5,7.37
Gabriel Magalhães,gabriel magalhaes,False,3,Arsenal,Premier League,Defender,Defender,Brazil,Arsenal,0,28.0,2366.0,3.0,1.0,4.0,0.114,0.038,0.8,0.1,0.7,0.0,0.1,0.5,58.1,90.7,0.0,2.0,0.9,0.6,0.7,3.2,1.0,,,,2,Semi Final,5,6.91
Julián Álvarez,julian alvarez,False,3,Atletico Madrid,La Liga,Forward,Forward,Argentina,Atletico Madrid,0,37.0,2521.0,17.0,4.0,21.0,0.607,0.143,2.0,0.9,0.2,0.2,1.1,1.1,24.0,78.5,0.4,0.9,0.7,0.1,0.7,0.3,0.0,,,,3,Round of 16,3,7.01
William Saliba,william saliba,False,3,Arsenal,Premier League,Defender,Defender,France,Arsenal,0,35.0,3042.0,2.0,0.0,2.0,0.059,0.0,0.2,0.3,0.5,0.0,0.2,0.2,72.8,94.6,0.0,2.0,1.8,0.6,0.8,3.4,0.4,,,,2,Semi Final,5,6.82
Jamal Musiala,jamal musiala,False,3,Bayern Munich,Bundesliga,Midfielder,Midfielder,Germany,Bayern Munich,0,25.0,1807.0,12.0,2.0,14.0,0.598,0.1,2.7,2.9,2.2,0.1,1.3,1.6,36.9,83.5,0.0,0.5,1.4,0.3,0.8,0.2,0.0,,,,1,Quarter Final,4,7.56
Thibaut Courtois,thibaut courtois,False,3,Real Madrid,La Liga,Goalkeeper,Goalkeeper,Belgium,Real Madrid,0,30.0,2700.0,0.0,0.0,0.0,0.0,0.0,0.0,0.0,0.1,0.0,0.0,0.0,28.2,80.3,0.0,2.8,0.0,0.0,0.0,0.8,0.0,29.0,72.6,11.0,2,Quarter Final,4,6.8
Luis Díaz,luis diaz,False,3,Liverpool,Premier League,Forward,Forward,Columbia,Liverpool,0,36.0,2413.0,13.0,5.0,18.0,0.485,0.186,2.0,1.5,0.9,0.3,1.4,1.6,22.9,86.1,0.3,0.9,1.1,0.2,1.3,0.2,0.0,,,,1,Round of 16,3,7.21
Ryan Gravenberch,ryan gravenberch,False,3,Liverpool,Premier League,Midfielder,Midfielder,Netherlands,Liverpool,0,37.0,3169.0,0.0,4.0,4.0,0.0,0.114,0.5,1.0,1.4,0.0,0.7,0.7,51.5,89.5,0.1,1.1,1.9,1.6,1.3,1.5,0.3,,,,1,Round of 16,3,6.94
Joshua Kimmich,joshua kimmich,False,3,Bayern Munich,Bundesliga,Midfielder,Midfielder,Germany,Bayern Munich,0,33.0,2847.0,3.0,6.0,9.0,0.095,0.19,1.0,0.4,0.8,0.1,0.2,2.5,103.8,92.9,1.3,6.0,1.4,0.8,0.5,0.9,0.1,,,,1,Quarter Final,4,7.38
Federico Valverde,federico valverde,False,3,Real Madrid,La Liga,Midfielder,Midfielder,Uruguay,Real Madrid,0,36.0,3034.0,6.0,4.0,10.0,0.178,0.119,1.6,0.4,0.4,0.0,0.0,1.1,60.1,91.1,0.1,3.9,1.4,1.5,0.3,1.4,0.2,,,,2,Quarter Final,4,7.16
Marquinhos,marquinhos,False,3,Paris Saint-Germain,Ligue 1,Defender,Defender,Brazil,Paris Saint-Germain,0,22.0,1725.0,2.0,0.0,2.0,0.104,0.0,0.4,0.1,0.3,0.0,0.0,0.4,82.4,95.1,0.0,4.4,1.4,0.5,0.8,2.8,0.7,,,,1,Winner,7,6.93
Lionel Messi,lionel messi,False,3,Inter Miami,MLS,Forward,Forward,Argentina,Inter Miami,0,20.0,1576.0,21.0,10.0,31.0,1.199,0.571,4.6,2.8,1.4,0.4,2.0,1.9,43.8,80.7,0.4,2.5,0.8,0.1,0.4,0.2,0.1,,,,1,Not Qualified,0,8.32
Alisson,alisson,False,3,Liverpool,Premier League,Goalkeeper,Goalkeeper,Brazil,Liverpool,0,28.0,2509.0,0.0,0.0,0.0,0.0,0.0,0.0,0.0,0.1,0.0,0.0,0.0,29.6,80.7,0.0,3.1,0.0,0.0,0.0,1.1,0.0,29.0,72.6,10.0,1,Round of 16,3,6.8
Dominik Szoboszlai,dominik szoboszlai,False,3,Liverpool,Premier League,Midfielder,Midfielder,Hungary,Liverpool,0,36.0,2496.0,6.0,6.0,12.0,0.216,0.216,1.9,0.6,0.7,0.1,0.6,1.6,34.5,85.8,0.4,1.5,1.1,0.3,1.2,0.4,0.1,,,,1,Round of 16,3,6.89
Alexander Isak,alexander isak,False,3,Newcastle,Premier League,Forward,Forward,Sweden,Newcastle,0,34.0,2774.0,23.0,6.0,29.0,0.746,0.195,2.9,1.2,0.4,0.6,1.6,1.2,19.4,77.1,0.1,0.4,0.4,0.1,0.8,0.5,0.1,,,,5,Not Qualified,0,7.3
Frenkie de Jong,frenkie de jong,False,3,Barcelona,La Liga,Midfielder,Midfielder,Netherlands,Barcelona,0,26.0,1140.0,2.0,2.0,4.0,0.158,0.158,0.2,0.2,0.7,0.0,0.3,0.8,43.8,95.1,0.0,1.5,0.7,0.5,0.5,0.2,0.0,,,,1,Semi Final,5,6.53
Bruno Fernandes,bruno fernandes,False,3,Manchester United,Premier League,Midfielder,Midfielder,Portugal,Manchester United,0,36.0,3024.0,8.0,10.0,18.0,0.238,0.298,2.7,0.8,1.1,0.1,1.2,2.5,56.1,81.5,1.2,4.5,2.3,0.7,0.9,0.8,0.2,,,,15,Not Qualified,0,7.2
Alessandro Bastoni,alessandro bastoni,False,3,Inter Milan,Serie A,Defender,Defender,Italy,Inter Milan,0,33.0,2422.0,1.0,5.0,6.0,0.037,0.186,0.4,0.2,1.2,0.0,0.2,0.8,61.6,90.5,0.8,4.2,1.4,0.7,1.3,1.4,0.4,,,,2,Final,6,6.88
David Raya,david raya,False,3,Arsenal,Premier League,Goalkeeper,Goalkeeper,Spain,Arsenal,0,38.0,3420.0,0.0,0.0,0.0,0.0,0.0,0.0,0.0,0.3,0.0,0.0,0.0,32.4,70.6,0.0,4.5,0.0,0.1,0.0,0.8,0.0,34.0,71.7,13.0,2,Semi Final,5,6.73
Jules Koundé,jules kounde,False,3,Barcelona,La Liga,Defender,Defender,France,Barcelona,0,32.0,2606.0,2.0,3.0,5.0,0.069,0.104,0.6,0.7,0.6,0.2,0.4,1.0,56.4,88.6,0.3,1.7,2.0,0.6,0.7,1.8,0.2,,,,1,Semi Final,5,6.89
Nicolò Barella,nicolo barella,False,3,Inter Milan,Serie A,Midfielder,Midfielder,Italy,Inter Milan,0,33.0,2467.0,3.0,6.0,9.0,0.109,0.219,1.3,0.7,1.0,0.1,1.3,1.7,52.0,85.1,0.5,2.8,1.5,0.4,0.8,0.5,0.1,,,,2,Final,6,6.95
Bradley Barcola,bradley barcola,False,3,Paris Saint-Germain,Ligue 1,Forward,Forward,France,Paris Saint-Germain,0,34.0,2194.0,14.0,10.0,24.0,0.574,0.41,2.2,1.0,0.6,0.2,0.6,1.5,25.8,83.4,0.2,0.3,0.8,0.6,0.9,0.3,0.1,,,,1,Winner,7,7.25
Trent Alexander-Arnold,trent alexanderarnold,False,3,Liverpool,Premier League,Defender,Defender,England,Liverpool,0,33.0,2378.0,3.0,6.0,9.0,0.114,0.227,1.4,0.5,0.3,0.0,0.5,1.6,49.0,77.7,1.2,3.8,2.2,0.9,0.3,1.5,0.3,,,,1,Round of 16,3,7.06
Bruno Guimarães,bruno guimaraes,False,3,Newcastle,Premier League,Midfielder,Midfielder,Brazil,Newcastle,0,38.0,3286.0,5.0,6.0,11.0,0.137,0.164,1.2,0.9,2.8,0.1,2.0,1.4,46.3,83.7,0.2,2.3,2.2,0.8,1.7,1.1,0.3,,,,5,Not Qualified,0,6.98
Nico Williams,nico williams,False,3,Athletic Club,La Liga,Forward,Forward,Spain,Athletic Club,0,29.0,2001.0,5.0,5.0,10.0,0.225,0.225,1.9,2.3,1.2,0.3,1.6,1.4,20.0,79.2,0.9,0.5,1.0,0.2,0.6,0.1,0.0,,,,4,Not Qualified,0,6.98
Yann Sommer,yann sommer,False,3,Inter Milan,Serie A,Goalkeeper,Goalkeeper,Switzerland,Inter Milan,0,33.0,2970.0,0.0,0.0,0.0,0.0,0.0,0.0,0.0,0.0,0.0,0.0,0.0,36.0,86.7,0.0,4.8,0.0,0.0,0.0,0.7,0.0,32.0,72.4,13.0,2,Final,6,6.77
Eberechi Eze,eberechi eze,False,3,Crystal Palace,Premier League,Midfielder,Midfielder,England,Crystal Palace,0,34.0,2604.0,8.0,8.0,16.0,0.276,0.276,3.0,1.8,1.8,0.8,1.0,1.7,26.9,81.5,0.9,1.1,1.1,0.3,0.4,0.2,0.0,,,,12,Not Qualified,0,7.09
Bryan Mbeumo,bryan mbeumo,False,3,Brentford,Premier League,Forward,Forward,Cameroon,Brentford,0,38.0,3417.0,20.0,7.0,27.0,0.527,0.184,2.2,1.4,1.2,0.3,1.2,1.8,28.7,73.9,1.3,0.8,1.3,0.4,0.7,1.3,0.1,,,,10,Not Qualified,0,7.33
Victor Osimhen,victor osimhen,False,3,Galatasaray,Super Lig,Forward,Forward,Nigeria,Galatasaray,0,29.0,2296.0,26.0,5.0,31.0,1.019,0.196,4.7,0.8,1.7,1.4,1.2,1.1,11.8,66.9,0.2,0.2,0.2,0.3,1.0,0.8,0.0,,,,1,Not Qualified,0,7.77
Pau Cubarsí,pau cubarsi,False,3,Barcelona,La Liga,Defender,Defender,Spain,Barcelona,0,35.0,2621.0,0.0,3.0,3.0,0.0,0.103,0.2,0.2,0.3,0.0,0.0,0.3,74.0,93.6,0.0,2.7,1.0,0.5,0.7,2.5,0.3,,,,1,Semi Final,5,6.73
Federico Dimarco,federico dimarco,False,3,Inter Milan,Serie A,Defender,Defender,Italy,Inter Milan,0,33.0,2163.0,4.0,7.0,11.0,0.166,0.291,1.7,0.1,0.3,0.2,0.3,1.5,30.2,84.1,1.7,1.1,0.8,0.4,0.6,0.7,0.1,,,,2,Final,6,6.91
Rafael Leão,rafael leao,False,3,AC Milan,Serie A,Forward,Forward,Portugal,AC Milan,0,34.0,2332.0,8.0,8.0,16.0,0.309,0.309,1.9,1.7,1.5,0.2,1.1,1.7,22.7,77.0,0.5,0.7,0.5,0.2,0.6,0.1,0.0,,,,8,Knockout phase play-offs,2,7.21
Moisés Caicedo,moises caicedo,False,2,Chelsea,Premier League,Midfielder,Midfielder,Ecuador,Chelsea,0,38.0,3356.0,1.0,2.0,3.0,0.027,0.054,0.5,0.8,1.5,0.0,0.7,0.8,56.7,90.2,0.1,2.5,3.0,1.3,1.8,1.4,0.3,,,,4,Not Qualified,0,7.02
Jurriën Timber,jurrien timber,False,2,Arsenal,Premier League,Defender,Defender,Netherlands,Arsenal,0,30.0,2423.0,1.0,3.0,4.0,0.037,0.111,0.5,0.8,1.0,0.2,0.8,0.6,39.4,87.9,0.1,0.4,1.9,0.7,1.0,1.4,0.1,,,,2,Semi Final,5,6.78
Martin Ødegaard,martin degaard,False,2,Arsenal,Premier League,Midfielder,Midfielder,Norway,Arsenal,0,30.0,2332.0,3.0,8.0,11.0,0.116,0.309,1.6,0.8,0.8,0.0,1.3,2.1,46.3,86.9,0.6,1.3,0.6,0.2,0.4,0.2,0.0,,,,2,Semi Final,5,6.9
Rodri,rodri,False,2,Manchester City,Premier League,Midfielder,Midfielder,Spain,Manchester City,0,3.0,73.0,0.0,0.0,0.0,0.0,0.0,0.0,0.0,0.7,0.0,0.0,0.3,22.7,94.1,0.0,1.7,0.7,0.3,0.3,0.3,0.0,,,,3,Knockout phase play-offs,2,6.39
Cristiano Ronaldo,cristiano ronaldo,False,2,Al Nassr,Saudi Pro League,Forward,Forward,Portugal,Al Nassr,0,30.0,,25.0,3.0,28.0,,,,,,,,,,,,,,,,,,,,,3,Not Qualified,0,
Alejandro Balde,alejandro balde,False,2,Barcelona,La Liga,Defender,Defender,Spain,Barcelona,0,32.0,2292.0,0.0,4.0,4.0,0.0,0.157,0.4,1.4,1.2,0.0,0.8,0.8,39.1,91.2,0.4,0.6,0.6,0.2,0.5,0.6,0.2,,,,1,Semi Final,5,6.73
Willian Pacho,willian pacho,False,2,Paris Saint-Germain,Ligue 1,Defender,Defender,Ecuador,Paris Saint-Germain,0,28.0,2131.0,0.0,1.0,1.0,0.0,0.042,0.1,0.1,0.3,0.0,0.1,0.1,69.8,94.9,0.0,1.4,2.0,1.4,0.7,3.2,0.8,,,,1,Winner,7,6.88
Alphonso Davies,alphonso davies,False,2,Bayern Munich,Bundesliga,Defender,Defender,Canada,Bayern Munich,0,19.0,1562.0,1.0,2.0,3.0,0.058,0.115,0.9,1.6,1.4,0.2,1.0,1.4,60.1,91.1,0.1,0.5,1.6,0.7,0.4,1.1,0.1,,,,1,Semi Final,5,7.08
Sandro Tonali,sandro tonali,False,2,Newcastle,Premier League,Midfielder,Midfielder,Italy,Newcastle,0,36.0,2632.0,4.0,2.0,6.0,0.137,0.068,1.0,0.6,1.4,0.1,0.6,0.8,40.6,85.9,0.4,1.4,1.4,0.9,1.0,0.8,0.3,,,,5,Not Qualified,0,6.83
Rodrygo,rodrygo,False,2,Real Madrid,La Liga,Forward,Forward,Brazil,Real Madrid,0,30.0,1938.0,6.0,5.0,11.0,0.279,0.232,1.8,1.6,1.2,0.0,0.5,1.6,33.0,90.9,0.7,0.4,0.7,0.4,0.3,0.2,0.0,,,,2,Quarter Final,4,7.13
Mike Maignan,mike maignan,False,2,AC Milan,Serie A,Goalkeeper,Goalkeeper,France,AC Milan,0,37.0,3295.0,0.0,0.0,0.0,0.0,0.0,0.0,0.0,0.2,0.0,0.0,0.1,37.1,84.7,0.0,5.5,0.0,0.0,0.0,0.7,0.0,41.0,70.5,13.0,8,Knockout phase play-offs,2,6.68
Marcus Thuram,marcus thuram,False,2,Inter Milan,Serie A,Forward,Forward,France,Inter Milan,0,32.0,2299.0,14.0,4.0,18.0,0.548,0.157,2.0,0.8,1.1,0.4,0.9,1.3,17.0,75.0,0.1,0.1,0.6,0.1,0.9,0.5,0.1,,,,2,Final,6,7.24
Martín Zubimendi,martin zubimendi,False,2,Real Sociedad,La Liga,Midfielder,Midfielder,Spain,Real Sociedad,0,36.0,2962.0,2.0,1.0,3.0,0.061,0.03,0.7,0.5,0.5,0.0,0.5,0.5,48.7,84.4,0.1,2.6,2.0,1.2,1.2,2.1,0.4,,,,11,Not Qualified,0,6.78
Aurélien Tchouaméni,aurelien tchouameni,False,2,Real Madrid,La Liga,Midfielder,Midfielder,France,Real Madrid,0,32.0,2691.0,0.0,0.0,0.0,0.0,0.0,0.6,0.3,0.8,0.0,0.3,0.2,62.6,92.9,0.0,2.0,1.5,1.4,0.8,2.8,0.8,,,,2,Quarter Final,4,6.88
Antoine Semenyo,antoine semenyo,False,2,Bournemouth,Premier League,Forward,Forward,Ghana,Bournemouth,0,37.0,3210.0,11.0,5.0,16.0,0.308,0.14,3.4,1.9,1.0,0.4,2.1,1.2,26.9,78.2,0.2,0.5,1.5,0.3,2.0,0.9,0.2,,,,9,Not Qualified,0,7.2
Josko Gvardiol,josko gvardiol,False,2,Manchester City,Premier League,Defender,Defender,Croatia,Manchester City,0,37.0,3280.0,5.0,0.0,5.0,0.137,0.0,1.1,0.7,0.7,0.1,0.4,0.7,68.3,91.4,0.1,1.8,1.6,1.2,0.4,3.0,0.5,,,,3,Knockout phase play-offs,2,7.0
Jan Oblak,jan oblak,False,2,Atletico Madrid,La Liga,Goalkeeper,Goalkeeper,Slovenia,Atletico Madrid,0,36.0,3240.0,0.0,0.0,0.0,0.0,0.0,0.0,0.1,0.1,0.0,0.0,0.0,21.2,76.3,0.0,3.9,0.0,0.0,0.0,0.7,0.0,30.0,74.1,15.0,3,Round of 16,3,6.68
Álex Grimaldo,alex grimaldo,False,2,Bayer Leverkusen,Bundesliga,Defender,Defender,Spain,Bayer Leverkusen,0,32.0,2647.0,2.0,7.0,9.0,0.068,0.238,1.4,0.6,0.8,0.3,0.4,2.3,54.0,86.4,2.2,1.4,0.8,0.5,0.5,1.2,0.1,,,,2,Round of 16,3,7.02
Marc Cucurella,marc cucurella,False,2,Chelsea,Premier League,Defender,Defender,Spain,Chelsea,0,36.0,2991.0,5.0,1.0,6.0,0.15,0.03,0.7,0.1,1.1,0.1,0.2,0.5,45.4,88.7,0.1,1.2,1.9,0.8,1.0,2.2,0.4,,,,4,Not Qualified,0,6.68
Antonio Rüdiger,antonio rudiger,False,2,Real Madrid,La Liga,Defender,Defender,Germany,Real Madrid,0,29.0,2292.0,0.0,0.0,0.0,0.0,0.0,0.8,0.1,0.5,0.1,0.1,0.2,63.4,92.2,0.0,3.9,0.7,0.3,0.5,3.2,0.5,,,,2,Quarter Final,4,6.62
Rúben Dias,ruben dias,False,2,Manchester City,Premier League,Defender,Defender,Portugal,Manchester City,0,27.0,2269.0,0.0,0.0,0.0,0.0,0.0,0.8,0.1,0.3,0.0,0.0,0.2,85.5,93.8,0.0,3.1,0.6,0.7,0.4,2.6,0.7,,,,3,Knockout phase play-offs,2,6.66
Arda Güler,arda guler,False,2,Real Madrid,La Liga,Midfielder,Midfielder,Turkey,Real Madrid,0,28.0,1249.0,3.0,4.0,7.0,0.216,0.288,1.4,0.7,1.1,0.1,0.3,1.4,29.1,89.9,0.6,1.5,1.1,0.3,0.5,0.3,0.0,,,,2,Quarter Final,4,6.86
Emiliano Martínez,emiliano martinez,False,2,Aston Villa,Premier League,Goalkeeper,Goalkeeper,Argentina,Aston Villa,0,37.0,3198.0,0.0,0.0,0.0,0.0,0.0,0.0,0.0,0.2,0.0,0.0,0.1,33.7,77.0,0.0,5.5,0.1,0.0,0.1,0.5,0.0,47.0,67.8,8.0,6,Quarter Final,4,6.71
Morgan Rogers,morgan rogers,False,2,Aston Villa,Premier League,Midfielder,Midfielder,England,Aston Villa,0,37.0,3131.0,8.0,10.0,18.0,0.23,0.287,1.5,1.8,1.4,0.1,2.0,1.4,23.4,75.3,0.1,0.8,1.2,0.2,1.4,0.5,0.2,,,,6,Quarter Final,4,6.92
Hugo Ekitiké,hugo ekitike,False,2,Eintracht Frankfurt,Bundesliga,Forward,Forward,France,Eintracht Frankfurt,0,33.0,2582.0,15.0,8.0,23.0,0.523,0.279,3.5,1.6,0.5,0.6,1.0,1.3,18.9,76.4,0.2,0.4,0.5,0.2,1.2,0.7,0.0,,,,3,Not Qualified,0,7.31
Jérémy Doku,jeremy doku,False,2,Manchester City,Premier League,Forward,Forward,Belgium,Manchester City,0,29.0,1515.0,3.0,6.0,9.0,0.178,0.356,1.0,3.7,1.1,0.2,2.0,1.1,24.1,84.4,0.4,0.2,1.1,0.1,0.3,0.1,0.0,,,,3,Knockout phase play-offs,2,7.11
Kenan Yildiz,kenan yildiz,False,2,Juventus,Serie A,Midfielder,Midfielder,Turkey,Juventus,0,35.0,2413.0,7.0,4.0,11.0,0.261,0.149,1.7,1.7,1.4,0.1,1.2,1.6,28.1,86.2,0.8,0.7,1.5,0.1,0.7,0.2,0.0,,,,4,Knockout phase play-offs,2,7.01
Nick Woltemade,nick woltemade,False,2,Stuttgart,Bundesliga,Forward,Forward,Germany,Stuttgart,0,28.0,1621.0,12.0,2.0,14.0,0.666,0.111,1.8,1.1,1.3,0.2,1.8,1.3,17.1,71.6,0.0,0.2,0.4,0.0,0.9,0.5,0.1,,,,9,League Phase,1,6.84
Tijjani Reijnders,tijjani reijnders,False,2,AC Milan,Serie A,Midfielder,Midfielder,Netherlands,AC Milan,0,37.0,3132.0,10.0,4.0,14.0,0.287,0.115,2.1,1.0,0.6,0.1,0.9,1.3,40.3,89.5,0.4,1.6,0.7,1.0,0.8,0.6,0.1,,,,8,Knockout phase play-offs,2,6.99
Dean Huijsen,dean huijsen,False,2,Bournemouth,Premier League,Defender,Defender,Spain,Bournemouth,0,32.0,2422.0,3.0,2.0,5.0,0.111,0.074,0.6,0.1,0.3,0.1,0.0,0.5,50.0,84.2,0.1,4.0,1.1,1.6,1.0,6.1,0.9,,,,9,Not Qualified,0,6.93
Antoine Griezmann,antoine griezmann,False,2,Atletico Madrid,La Liga,Forward,Forward,France,Atletico Madrid,0,38.0,2480.0,8.0,7.0,15.0,0.29,0.254,1.3,0.4,0.7,0.4,0.5,1.3,34.4,80.4,0.8,1.6,0.8,0.2,0.3,0.6,0.0,,,,3,Round of 16,3,6.83
Joan García,joan garcia,False,1,Espanyol,La Liga,Goalkeeper,Goalkeeper,Spain,Espanyol,0,38.0,3420.0,0.0,0.0,0.0,0.0,0.0,0.0,0.0,0.2,0.0,0.0,0.0,27.9,66.9,0.0,6.1,0.0,0.0,0.0,1.0,0.0,51.0,73.7,8.0,14,Not Qualified,0,6.94
Enzo Fernández,enzo fernandez,False,1,Chelsea,Premier League,Midfielder,Midfielder,Argentina,Chelsea,0,36.0,2948.0,6.0,7.0,13.0,0.183,0.214,1.5,0.7,1.5,0.1,0.8,2.2,49.4,83.7,0.7,2.8,1.8,0.4,1.4,0.6,0.2,,,,4,Not Qualified,0,6.95
Hakan Çalhanoğlu,hakan calhanoglu,False,1,Inter Milan,Serie A,Midfielder,Midfielder,Turkey,Inter Milan,0,29.0,1964.0,5.0,6.0,11.0,0.229,0.275,1.6,0.1,0.4,0.0,0.3,1.7,53.8,90.2,1.8,3.3,1.5,0.6,0.8,0.8,0.3,,,,2,Final,6,7.13
Estêvão,estevao,False,1,Palmeiras,Brazil Serie A,Midfielder,Midfielder,Brazil,Palmeiras,0,31.0,2114.0,13.0,9.0,22.0,0.553,0.383,2.7,2.7,1.2,0.2,1.7,1.6,21.2,82.7,0.5,1.0,1.0,0.2,0.8,0.2,0.0,,,,2,Not Qualified,0,7.38
Phil Foden,phil foden,False,1,Manchester City,Premier League,Midfielder,Midfielder,England,Manchester City,0,28.0,1779.0,7.0,2.0,9.0,0.354,0.101,1.9,0.5,1.2,0.1,1.1,1.5,30.4,88.6,1.1,1.2,0.5,0.3,0.2,0.3,0.0,,,,3,Knockout phase play-offs,2,6.75
Fermín López,fermin lopez,False,1,Barcelona,La Liga,Midfielder,Midfielder,Spain,Barcelona,0,28.0,1247.0,6.0,5.0,11.0,0.433,0.361,1.5,0.9,0.8,0.2,0.6,1.0,22.2,86.2,0.5,0.9,0.7,0.2,1.0,0.1,0.0,,,,1,Semi Final,5,6.68
Bernardo Silva,bernardo silva,False,1,Manchester City,Premier League,Midfielder,Midfielder,Portugal,Manchester City,0,33.0,2668.0,4.0,4.0,8.0,0.135,0.135,1.0,0.8,1.0,0.1,1.0,1.6,50.8,89.0,0.4,1.4,1.7,0.7,0.8,0.9,0.2,,,,3,Knockout phase play-offs,2,6.91
Kevin De Bruyne,kevin de bruyne,False,1,Manchester City,Premier League,Midfielder,Midfielder,Belgium,Manchester City,0,28.0,1707.0,4.0,7.0,11.0,0.211,0.369,2.0,0.5,0.6,0.2,1.0,2.0,36.7,83.0,1.4,1.3,0.6,0.3,0.6,0.3,0.0,,,,3,Knockout phase play-offs,2,6.97
Dani Olmo,dani olmo,False,1,Barcelona,La Liga,Midfielder,Midfielder,Spain,Barcelona,0,25.0,1217.0,10.0,3.0,13.0,0.74,0.222,1.7,0.9,1.1,0.0,1.0,1.0,24.7,83.3,0.2,0.8,0.6,0.1,0.8,0.4,0.1,,,,1,Semi Final,5,7.02
João Pedro,joao pedro,False,1,Brighton,Premier League,Forward,Forward,Brazil,Brighton,0,27.0,1955.0,10.0,6.0,16.0,0.46,0.276,1.7,1.1,1.7,0.1,1.4,1.1,23.2,74.6,0.2,0.5,0.6,0.3,1.0,0.4,0.0,,,,8,Not Qualified,0,6.89
Theo Hernández,theo hernandez,False,1,AC Milan,Serie A,Defender,Defender,France,AC Milan,0,33.0,2699.0,4.0,3.0,7.0,0.133,0.1,1.3,0.7,1.3,0.1,0.6,1.4,40.8,87.5,0.8,1.0,1.1,0.5,0.5,1.9,0.3,,,,8,Knockout phase play-offs,2,6.92
Mikel Oyarzabal,mikel oyarzabal,False,1,Real Sociedad,La Liga,Forward,Forward,Spain,Real Sociedad,0,35.0,2263.0,9.0,3.0,12.0,0.358,0.119,1.2,0.3,0.6,0.5,0.9,0.4,14.0,74.3,0.1,0.2,0.7,0.1,0.4,0.4,0.0,,,,11,Not Qualified,0,6.46
Daniel Muñoz,daniel munoz,False,1,Crystal Palace,Premier League,Defender,Defender,Columbia,Crystal Palace,0,37.0,3233.0,4.0,5.0,9.0,0.111,0.139,1.0,0.6,0.5,0.4,0.5,1.2,30.7,75.1,0.5,0.8,3.3,1.2,1.5,2.5,0.2,,,,12,Not Qualified,0,7.11
André-Frank Zambo Anguissa,andrefrank zambo anguissa,False,1,Napoli,Serie A,Midfielder,Midfielder,Cameroon,Napoli,0,35.0,2858.0,6.0,4.0,10.0,0.189,0.126,1.3,0.7,1.0,0.1,1.0,0.7,42.1,85.5,0.1,1.1,1.2,1.0,1.1,1.1,0.2,,,,1,Not Qualified,0,6.98
Dani Carvajal,dani carvajal,False,1,Real Madrid,La Liga,Defender,Defender,Spain,Real Madrid,0,8.0,611.0,1.0,0.0,1.0,0.147,0.0,0.4,0.3,0.8,0.0,0.8,0.6,50.3,88.1,0.1,1.5,1.5,1.3,0.4,1.8,0.4,,,,2,Quarter Final,4,6.89
Granit Xhaka,granit xhaka,False,1,Bayer Leverkusen,Bundesliga,Midfielder,Midfielder,Switzerland,Bayer Leverkusen,0,33.0,2892.0,2.0,7.0,9.0,0.062,0.218,0.6,0.2,1.0,0.0,0.4,1.5,83.4,90.8,0.2,4.5,1.5,0.4,1.0,1.5,0.2,,,,2,Round of 16,3,6.93
Nico Paz,nico paz,False,1,Como,Serie A,Midfielder,Midfielder,Argentina,Como,0,35.0,2695.0,6.0,8.0,14.0,0.2,0.267,3.1,2.0,0.9,0.1,1.3,1.5,33.6,83.4,0.3,0.7,1.5,0.6,1.3,0.4,0.1,,,,10,Not Qualified,0,7.12
Reece James,reece james,False,1,Chelsea,Premier League,Defender,Defender,England,Chelsea,0,19.0,1064.0,1.0,1.0,2.0,0.085,0.085,0.6,0.4,0.6,0.0,0.5,0.6,39.1,88.4,0.4,1.9,0.5,0.7,0.4,1.1,0.3,,,,4,Not Qualified,0,6.54
Giorgian de Arrascaeta,giorgian de arrascaeta,False,1,Flamengo,Brazil Serie A,Midfielder,Midfielder,Uruguay,Flamengo,0,15.0,1008.0,5.0,5.0,10.0,0.446,0.446,1.5,1.2,1.9,0.1,1.4,1.9,38.3,83.8,0.9,1.0,1.1,0.3,0.7,0.2,0.1,,,,3,Not Qualified,0,7.26
Riccardo Calafiori,riccardo calafiori,False,1,Arsenal,Premier League,Defender,Defender,Italy,Arsenal,0,19.0,986.0,2.0,1.0,3.0,0.183,0.091,0.5,0.5,0.3,0.2,0.3,0.3,25.2,87.9,0.1,0.8,1.4,0.5,0.8,1.3,0.3,,,,2,Semi Final,5,6.65
Mikel Merino,mikel merino,False,1,Arsenal,Premier League,Midfielder,Midfielder,Spain,Arsenal,0,28.0,1582.0,7.0,2.0,9.0,0.398,0.114,1.4,0.3,0.8,0.3,1.0,0.6,19.9,79.9,0.1,0.3,1.6,0.5,1.5,0.8,0.2,,,,2,Semi Final,5,6.8
Mile Svilar,mile svilar,False,1,Roma,Serie A,Goalkeeper,Goalkeeper,Serbia,Roma,0,38.0,3420.0,0.0,0.0,0.0,0.0,0.0,0.0,0.0,0.2,0.0,0.0,0.0,33.9,76.2,0.0,4.6,0.0,0.0,0.0,0.6,0.0,35.0,77.1,16.0,5,Not Qualified,0,6.85
Miloš Kerkez,milos kerkez,False,1,Bournemouth,Premier League,Defender,Defender,Hungary,Bournemouth,0,38.0,3341.0,2.0,5.0,7.0,0.054,0.135,0.5,0.6,1.3,0.1,0.6,0.9,35.5,80.4,1.0,1.2,1.4,1.2,0.8,2.6,0.3,,,,9,Not Qualified,0,6.77
Tino Livramento,tino livramento,False,1,Newcastle,Premier League,Defender,Defender,England,Newcastle,0,37.0,2842.0,0.0,1.0,1.0,0.0,0.032,0.2,0.7,0.9,0.1,1.1,0.7,36.6,87.4,0.3,0.6,1.5,0.6,0.2,2.5,0.3,,,,5,Not Qualified,0,6.68
Manuel Neuer,manuel neuer,False,1,Bayern Munich,Bundesliga,Goalkeeper,Goalkeeper,Germany,Bayern Munich,0,22.0,1980.0,0.0,0.0,0.0,0.0,0.0,0.0,0.0,0.0,0.0,0.0,0.0,38.3,85.0,0.0,7.0,0.0,0.0,0.0,0.6,0.0,15.0,67.4,13.0,1,Quarter Final,4,6.63
Mason Greenwood,mason greenwood,False,1,Marseille,Ligue 1,Forward,Forward,Jamaica,Marseille,0,34.0,2819.0,21.0,5.0,26.0,0.67,0.16,3.5,1.6,1.1,0.1,1.3,1.4,37.2,83.3,0.8,1.9,1.0,0.4,0.7,0.1,0.0,,,,2,Not Qualified,0,7.38
Álvaro Carreras,alvaro carreras,False,1,Benfica,Liga Portugal,Defender,Defender,Spain,Benfica,0,32.0,2746.0,3.0,1.0,4.0,0.098,0.033,0.6,1.1,0.9,0.1,0.4,1.0,52.9,82.8,0.6,3.0,2.0,1.3,1.2,2.1,0.3,,,,2,Round of 16,3,7.06
Micky van de Ven,micky van de ven,False,1,Tottenham,Premier League,Defender,Defender,Netherlands,Tottenham,0,13.0,1019.0,0.0,2.0,2.0,0.0,0.177,0.5,0.3,0.7,0.0,0.4,0.2,61.3,91.0,0.0,1.5,0.8,0.8,0.8,2.9,0.6,,,,17,Not Qualified,0,6.5
Antony,antony,False,1,Real Betis,La Liga,Forward,Forward,Brazil,Manchester United,1,17.0,1365.0,5.0,2.0,7.0,0.33,0.132,2.5,1.4,1.6,0.1,1.2,2.2,41.6,84.0,0.6,0.9,1.5,0.6,0.9,0.4,0.1,,,,6,Not Qualified,0,7.18
Marcus Rashford,marcus rashford,False,1,Aston Villa,Premier League,Midfielder,Midfielder,England,Manchester United,1,10.0,443.0,2.0,2.0,4.0,0.406,0.406,1.9,0.9,0.3,0.1,0.1,1.3,13.4,82.1,0.6,0.4,1.0,0.1,0.1,0.2,0.0,,,,6,Quarter Final,4,6.82
Mohammed Kudus,mohammed kudus,False,1,West Ham,Premier League,Forward,Forward,Ghana,West Ham,0,32.0,2604.0,5.0,3.0,8.0,0.173,0.104,2.3,2.9,2.0,0.6,2.9,1.0,24.0,89.9,0.7,1.1,1.2,0.1,1.2,0.3,0.0,,,,14,Not Qualified,0,6.89
Matz Sels,matz sels,False,1,Nottingham Forest,Premier League,Goalkeeper,Goalkeeper,Belgium,Nottingham Forest,0,38.0,3420.0,0.0,0.0,0.0,0.0,0.0,0.0,0.0,0.3,0.0,0.0,0.1,23.7,48.6,0.0,6.8,0.0,0.0,0.0,1.4,0.0,46.0,71.8,13.0,7,Not Qualified,0,6.79
Unai Simón,unai simon,False,1,Athletic Club,La Liga,Goalkeeper,Goalkeeper,Spain,Athletic Club,0,21.0,1890.0,0.0,0.0,0.0,0.0,0.0,0.0,0.0,0.1,0.0,0.0,0.0,26.6,65.8,0.0,6.0,0.0,0.0,0.0,0.9,0.0,14.0,77.0,10.0,4,Not Qualified,0,6.71
Jeremie Frimpong,jeremie frimpong,False,1,Bayer Leverkusen,Bundesliga,Defender,Defender,Netherlands,Bayer Leverkusen,0,33.0,2328.0,5.0,5.0,10.0,0.193,0.193,1.0,0.8,0.9,0.3,0.8,0.9,22.1,84.0,0.7,0.4,1.0,0.2,0.6,0.6,0.0,,,,2,Round of 16,3,6.69
Murillo,murillo,False,1,Nottingham Forest,Premier League,Defender,Defender,Brazil,Nottingham Forest,0,36.0,3191.0,2.0,0.0,2.0,0.056,0.0,0.7,0.8,0.2,0.0,0.3,0.4,39.4,79.5,0.2,3.3,1.5,1.0,0.8,6.7,1.3,,,,7,Not Qualified,0,7.01
Ibrahima Konaté,ibrahima konate,False,1,Liverpool,Premier League,Defender,Defender,France,Liverpool,0,31.0,2567.0,1.0,2.0,3.0,0.035,0.07,0.6,0.1,0.6,0.0,0.1,0.3,61.2,90.3,0.0,1.5,1.3,0.5,0.9,4.0,0.5,,,,1,Round of 16,3,6.84
Rodrigo De Paul,rodrigo de paul,False,1,Atletico Madrid,La Liga,Midfielder,Midfielder,Argentina,Atletico Madrid,0,34.0,2114.0,3.0,5.0,8.0,0.128,0.213,0.6,0.4,1.4,0.0,0.7,1.2,49.5,84.1,0.5,3.0,1.0,0.2,0.6,0.4,0.1,,,,3,Round of 16,3,6.69
Thiago Almada,thiago almada,False,1,Lyon,Ligue 1,Midfielder,Midfielder,Argentina,Lyon,0,16.0,949.0,1.0,4.0,5.0,0.095,0.379,1.4,0.5,0.5,0.1,0.6,1.4,42.9,90.5,0.5,1.6,0.9,0.4,0.6,0.3,0.0,,,,6,Not Qualified,0,6.57
Oihan Sancet,oihan sancet,False,1,Athletic Club,La Liga,Midfielder,Midfielder,Spain,Athletic Club,0,29.0,1628.0,15.0,1.0,16.0,0.829,0.055,1.7,0.8,0.8,0.2,1.6,0.7,18.8,83.8,0.1,0.7,0.4,0.2,0.6,0.2,0.0,,,,4,Not Qualified,0,6.82
Isco,isco,False,1,Real Betis,La Liga,Midfielder,Midfielder,Spain,Real Betis,0,22.0,1552.0,9.0,8.0,17.0,0.522,0.464,2.0,1.2,2.0,0.2,1.2,2.8,48.8,86.2,1.2,3.1,0.9,0.5,1.0,0.3,0.0,,,,6,Not Qualified,0,7.2
Morgan Gibbs-White,morgan gibbswhite,False,1,Nottingham Forest,Premier League,Midfielder,Midfielder,England,Nottingham Forest,0,34.0,2825.0,7.0,8.0,15.0,0.223,0.255,1.8,0.9,1.2,0.2,1.3,1.5,35.7,80.7,0.4,1.5,1.3,0.7,1.1,0.9,0.1,,,,7,Not Qualified,0,7.0
Xavi Simons,xavi simons,False,1,RB Leipzig,Bundesliga,Midfielder,Midfielder,Netherlands,RB Leipzig,0,25.0,2157.0,10.0,7.0,17.0,0.417,0.292,2.0,1.3,2.2,0.2,2.2,2.0,44.2,82.9,0.8,1.5,1.1,0.5,1.0,0.6,0.1,,,,7,League Phase,1,7.32
Giuliano Simeone,giuliano simeone,False,1,Atletico Madrid,La Liga,Midfielder,Midfielder,Argentina,Atletico Madrid,0,33.0,1943.0,2.0,6.0,8.0,0.093,0.278,0.7,0.9,1.3,0.2,0.6,0.7,21.7,78.8,0.3,0.1,0.8,0.4,0.7,0.5,0.1,,,,3,Round of 16,3,6.66
Christian Pulisic,christian pulisic,False,1,AC Milan,Serie A,Forward,Forward,USA,AC Milan,0,34.0,2490.0,11.0,9.0,20.0,0.398,0.325,1.7,1.1,1.1,0.1,1.2,2.0,27.5,83.5,0.8,0.6,1.3,0.1,0.6,0.4,0.1,,,,8,Knockout phase play-offs,2,7.08
Cody Gakpo,cody gakpo,False,1,Liverpool,Premier League,Forward,Forward,Netherlands,Liverpool,0,35.0,1939.0,10.0,4.0,14.0,0.464,0.186,1.6,0.9,0.9,0.1,0.7,1.1,15.6,83.7,0.3,0.4,0.8,0.3,0.6,0.5,0.1,,,,1,Round of 16,3,6.86
Ademola Lookman,ademola lookman,False,1,Atalanta,Serie A,Forward,Forward,Nigeria,Atalanta,0,31.0,2266.0,15.0,5.0,20.0,0.596,0.199,2.6,1.2,0.6,0.8,1.6,2.0,26.0,79.0,1.2,0.3,1.0,0.1,1.0,0.2,0.0,,,,3,Knockout phase play-offs,2,7.24
Benjamin Šeško,benjamin sesko,False,1,RB Leipzig,Bundesliga,Forward,Forward,Slovenia,RB Leipzig,0,33.0,2399.0,13.0,5.0,18.0,0.488,0.188,2.1,1.2,0.6,0.5,1.7,0.6,18.2,68.2,0.1,0.2,0.2,0.2,0.8,0.6,0.1,,,,7,League Phase,1,6.92
Kai Havertz,kai havertz,False,1,Arsenal,Premier League,Forward,Forward,Germany,Arsenal,0,23.0,1875.0,9.0,3.0,12.0,0.432,0.144,2.3,0.4,1.0,0.6,1.0,0.7,21.8,79.8,0.1,0.0,0.7,0.3,1.7,1.4,0.2,,,,2,Semi Final,5,7.0
Jonathan David,jonathan david,False,1,Lille,Ligue 1,Forward,Forward,Canada,Lille,0,32.0,2558.0,16.0,5.0,21.0,0.563,0.176,2.3,0.6,1.1,0.3,1.3,1.1,21.2,82.7,0.0,0.3,0.8,0.2,0.8,0.3,0.1,,,,5,Round of 16,3,6.96
Chris Wood,chris wood,False,1,Nottingham Forest,Premier League,Forward,Forward,New Zealand,Nottingham Forest,0,36.0,2978.0,20.0,3.0,23.0,0.604,0.091,1.9,0.1,0.7,0.8,0.8,0.6,13.4,64.9,0.0,0.4,0.2,0.1,0.7,0.8,0.2,,,,7,Not Qualified,0,6.96
Matheus Cunha,matheus cunha,False,1,Wolves,Premier League,Forward,Forward,Brazil,Wolves,0,33.0,2604.0,15.0,6.0,21.0,0.518,0.207,3.3,1.8,2.2,0.2,1.7,1.7,28.8,79.3,0.8,1.5,1.2,0.5,1.3,0.6,0.0,,,,16,Not Qualified,0,7.32
Omar Marmoush,omar marmoush,False,1,Manchester City,Premier League,Forward,Forward,Egypt,Eintracht Frankfurt,0,16.0,1183.0,7.0,0.0,7.0,0.533,0.0,3.1,1.3,1.3,0.6,1.2,0.9,17.9,84.3,0.6,0.1,0.8,0.4,0.9,0.2,0.1,,,,3,Knockout phase play-offs,2,7.13
Mateo Retegui,mateo retegui,False,1,Atalanta,Serie A,Forward,Forward,Italy,Atalanta,0,36.0,2405.0,25.0,8.0,33.0,0.936,0.299,2.9,0.3,0.9,0.2,1.3,1.1,15.4,78.1,0.1,0.4,0.4,0.1,0.9,0.5,0.0,,,,3,Knockout phase play-offs,2,7.17
