player_name,position_group,club_2024_25,league_2024_25,nationality,Whoscored_Rating,log_attention,perf_z,group
Ousmane Dembélé,Forward,Paris Saint-Germain,Ligue 1,France,7.65,16.914510087836646,1.0599464342819975,Top Stars
Lamine Yamal,Forward,Barcelona,La Liga,Spain,8.01,17.64398891942475,2.0720397564067907,Top Stars
Vitinha,Midfielder,Paris Saint-Germain,Ligue 1,Portugal,7.01,15.471041667686547,-0.01790207096161484,Underrated Performers
Mohamed Salah,Forward,Liverpool,Premier League,Egypt,7.61,18.016536373286407,0.9474916207125759,Top Stars
Raphinha,Forward,Barcelona,La Liga,Brazil,7.62,16.845506954123827,0.9756053241049306,Top Stars
Achraf Hakimi,Defender,Paris Saint-Germain,Ligue 1,Morocco,7.3,17.04037895147282,2.3848576054711503,Top Stars
Kylian Mbappé,Forward,Real Madrid,La Liga,France,7.75,18.71333036517802,1.3410834682055506,Top Stars
Cole Palmer,Midfielder,Chelsea,Premier League,England,7.33,15.959408195509813,1.3856202924288201,Top Stars
Gianluigi Donnarumma,Goalkeeper,Paris Saint-Germain,Ligue 1,Italy,7.06,15.724319163981178,2.2715719376569017,Top Stars
Nuno Mendes,Defender,Paris Saint-Germain,Ligue 1,Portugal,7.03,15.238254247418798,0.9030527752934715,Underrated Performers
Pedri,Midfielder,Barcelona,La Liga,Spain,7.16,16.94777635074775,0.6399990368776526,Top Stars
Khvicha Kvaratskhelia,Forward,Paris Saint-Germain,Ligue 1,Georgia,7.34,15.98515516942573,0.18842162911897856,Underrated Performers
Harry Kane,Forward,Bayern Munich,Bundesliga,England,7.72,16.769679729112056,1.2567423580284838,Top Stars
Désiré Doué,Forward,Paris Saint-Germain,Ligue 1,France,7.21,15.791902522820155,-0.17705651498164143,Fan Favourites
Viktor Gyökeres,Forward,Sporting CP,Liga Portugal,Sweden,8.08,15.350209622361227,2.268835680153279,Top Stars
Vinícius Júnior,Forward,Real Madrid,La Liga,Brazil,7.23,17.953010454351144,-0.12082910819692934,Fan Favourites
Robert Lewandowski,Forward,Barcelona,La Liga,Poland,7.27,17.47473493995287,-0.008374294627510102,Fan Favourites
Scott McTominay,Midfielder,Napoli,Serie A,Scotland,7.26,15.09300237532727,1.0785997754371615,Underrated Performers
João Neves,Midfielder,Paris Saint-Germain,Ligue 1,Portugal,7.11,15.018150073856075,0.42069866759789804,Underrated Performers
Lautaro Martínez,Forward,Inter Milan,Serie A,Argentina,7.13,16.29661147512993,-0.4019661421204849,Fan Favourites
Serhou Guirassy,Forward,Borussia Dortmund,Bundesliga,Guinea,7.3,13.618245501170277,0.07596681554955682,Squad Players
Alexis Mac Allister,Midfielder,Liverpool,Premier League,Argentina,7.08,15.998303160198684,0.2891184460300438,Underrated Performers
Jude Bellingham,Midfielder,Real Madrid,La Liga,England,7.27,17.607336235676954,1.1224598492931117,Top Stars
Fabián Ruiz,Midfielder,Paris Saint-Germain,Ligue 1,Spain,6.87,14.286951279098629,-0.6319431049449282,Squad Players
Denzel Dumfries,Defender,Inter Milan,Serie A,Netherlands,6.88,14.54765967774823,0.0798278696392022,Underrated Performers
Erling Haaland,Forward,Manchester City,Premier League,Norway,7.32,17.915091320663123,0.13219422233426892,Fan Favourites
Declan Rice,Midfielder,Arsenal,Premier League,England,7.09,15.745021544218957,0.3329785198859939,Underrated Performers
Virgil van Dijk,Defender,Liverpool,Premier League,Netherlands,7.07,16.68071526574238,1.1225794168012764,Top Stars
Florian Wirtz,Midfielder,Bayer Leverkusen,Bundesliga,Germany,7.5,15.47235081484851,2.1312415479799878,Top Stars
Michael Olise,Forward,Bayern Munich,Bundesliga,France,7.74,15.99666198485192,1.312969764813196,Top Stars
Bukayo Saka,Forward,Arsenal,Premier League,England,7.37,15.911950308034953,0.27276273929604544,Underrated Performers
Gabriel Magalhães,Defender,Arsenal,Premier League,Brazil,6.91,15.20278219139798,0.24447285077005704,Underrated Performers
Julián Álvarez,Forward,Atletico Madrid,La Liga,Argentina,7.01,16.831010507223255,-0.7393305828287501,Fan Favourites
William Saliba,Defender,Arsenal,Premier League,France,6.82,14.923598477374535,-0.2494620926225026,Underrated Performers
Jamal Musiala,Midfielder,Bayern Munich,Bundesliga,Germany,7.56,15.828258457901489,2.3944019911156924,Top Stars
Thibaut Courtois,Goalkeeper,Real Madrid,La Liga,Belgium,6.8,16.71297835707982,0.11080838720277822,Fan Favourites
Luis Díaz,Forward,Liverpool,Premier League,Columbia,7.21,15.966021164349549,-0.17705651498164143,Fan Favourites
Ryan Gravenberch,Midfielder,Liverpool,Premier League,Netherlands,6.94,14.525379153168146,-0.32492258795326956,Underrated Performers
Joshua Kimmich,Midfielder,Bayern Munich,Bundesliga,Germany,7.38,15.988350111510947,1.6049206617085747,Top Stars
Federico Valverde,Midfielder,Real Madrid,La Liga,Uruguay,7.16,16.89216338454203,0.6399990368776526,Top Stars
Marquinhos,Defender,Paris Saint-Germain,Ligue 1,Brazil,6.93,15.855607788852955,0.354236171523957,Underrated Performers
Lionel Messi,Forward,Inter Miami,MLS,Argentina,8.32,20.054217293583985,2.9435645615698096,Top Stars
Alisson,Goalkeeper,Liverpool,Premier League,Brazil,6.8,16.035891175013255,0.11080838720277822,Underrated Performers
Dominik Szoboszlai,Midfielder,Liverpool,Premier League,Hungary,6.89,15.521012547768683,-0.5442229572330279,Fan Favourites
Alexander Isak,Forward,Newcastle,Premier League,Sweden,7.3,14.936374107563731,0.07596681554955682,Underrated Performers
Frenkie de Jong,Midfielder,Barcelona,La Liga,Netherlands,6.53,16.49458443781661,-2.1231856160472633,Fan Favourites
Bruno Fernandes,Midfielder,Manchester United,Premier League,Portugal,7.2,16.257319361556217,0.8154393323014569,Top Stars
Alessandro Bastoni,Defender,Inter Milan,Serie A,Italy,6.88,14.241354597861514,0.0798278696392022,Underrated Performers
David Raya,Goalkeeper,Arsenal,Premier League,Spain,6.73,14.459070356661192,-0.47093564561178897,Squad Players
Jules Koundé,Defender,Barcelona,La Liga,France,6.89,15.6035051154648,0.13470953001615218,Underrated Performers
Nicolò Barella,Midfielder,Inter Milan,Serie A,Italy,6.95,14.126342590314755,-0.28106251409731947,Squad Players
Bradley Barcola,Forward,Paris Saint-Germain,Ligue 1,France,7.25,14.316745134327068,-0.06460170141221971,Underrated Performers
Trent Alexander-Arnold,Defender,Liverpool,Premier League,England,7.06,16.6283935154839,1.0676977564243215,Top Stars
Bruno Guimarães,Midfielder,Newcastle,Premier League,Brazil,6.98,15.099661168529831,-0.14948229252946518,Underrated Performers
Nico Williams,Forward,Athletic Club,La Liga,Spain,6.98,15.515426996540517,-0.8236716930058146,Fan Favourites
Yann Sommer,Goalkeeper,Inter Milan,Serie A,Switzerland,6.77,14.493454756621583,-0.13851048400346908,Underrated Performers
Eberechi Eze,Midfielder,Crystal Palace,Premier League,England,7.09,14.970715507871914,0.3329785198859939,Underrated Performers
Bryan Mbeumo,Forward,Brentford,Premier League,Cameroon,7.33,14.661963633049407,0.16030792572662375,Underrated Performers
Victor Osimhen,Forward,Galatasaray,Super Lig,Nigeria,7.77,15.862398044858985,1.3973108749902603,Top Stars
Pau Cubarsí,Defender,Barcelona,La Liga,Spain,6.73,15.615606845813339,-0.7433970360150622,Fan Favourites
Federico Dimarco,Defender,Inter Milan,Serie A,Italy,6.91,14.168934021565335,0.24447285077005704,Underrated Performers
Rafael Leão,Forward,AC Milan,Serie A,Portugal,7.21,14.302186306831144,-0.17705651498164143,Underrated Performers
Moisés Caicedo,Midfielder,Chelsea,Premier League,Ecuador,7.02,14.987423802760063,0.02595800289433528,Underrated Performers
Jurriën Timber,Defender,Arsenal,Premier League,Netherlands,6.78,14.267628945554582,-0.4689887341303074,Squad Players
Martin Ødegaard,Midfielder,Arsenal,Premier League,Norway,6.9,15.83439085863157,-0.5003628833770739,Fan Favourites
Alejandro Balde,Defender,Barcelona,La Liga,Spain,6.73,15.78951283088534,-0.7433970360150622,Fan Favourites
Willian Pacho,Defender,Paris Saint-Germain,Ligue 1,Ecuador,6.88,13.670484785914017,0.0798278696392022,Squad Players
Alphonso Davies,Defender,Bayern Munich,Bundesliga,Canada,7.08,15.530845142298752,1.1774610771782263,Top Stars
Sandro Tonali,Midfielder,Newcastle,Premier League,Italy,6.83,14.419860404025117,-0.8073834003687326,Squad Players
Rodrygo,Forward,Real Madrid,La Liga,Brazil,7.13,16.974343299389815,-0.4019661421204849,Fan Favourites
Mike Maignan,Goalkeeper,AC Milan,Serie A,France,6.68,14.575509519511922,-0.8864670976222037,Squad Players
Marcus Thuram,Forward,Inter Milan,Serie A,France,7.24,14.780890456921082,-0.09271540480457452,Underrated Performers
Martín Zubimendi,Midfielder,Real Sociedad,La Liga,Spain,6.78,13.738167203755816,-1.026683769648487,Squad Players
Aurélien Tchouaméni,Midfielder,Real Madrid,La Liga,France,6.88,16.058904832005116,-0.5880830310889781,Fan Favourites
Antoine Semenyo,Forward,Bournemouth,Premier League,Ghana,7.2,13.917989525948466,-0.20517021837399627,Squad Players
Josko Gvardiol,Defender,Manchester City,Premier League,Croatia,7.0,14.460189922395076,0.7384077941626166,Underrated Performers
Jan Oblak,Goalkeeper,Atletico Madrid,La Liga,Slovenia,6.68,14.350587721452543,-0.8864670976222037,Squad Players
Álex Grimaldo,Defender,Bayer Leverkusen,Bundesliga,Spain,7.02,13.90815263609427,0.8481711149165166,Underrated Performers
Marc Cucurella,Defender,Chelsea,Premier League,Spain,6.68,15.033720531113508,-1.017805337899822,Squad Players
Antonio Rüdiger,Defender,Real Madrid,La Liga,Germany,6.62,16.40169989535927,-1.3470953001615267,Fan Favourites
Rúben Dias,Defender,Manchester City,Premier League,Portugal,6.66,15.312999856354795,-1.127568658653722,Fan Favourites
Arda Güler,Midfielder,Real Madrid,La Liga,Turkey,6.86,16.703525707906575,-0.6758031788008784,Fan Favourites
Emiliano Martínez,Goalkeeper,Aston Villa,Premier League,Argentina,6.71,16.556283999027723,-0.6371482264159564,Fan Favourites
Morgan Rogers,Midfielder,Aston Villa,Premier League,England,6.92,13.733766737551889,-0.4126427356651737,Squad Players
Hugo Ekitiké,Forward,Eintracht Frankfurt,Bundesliga,France,7.31,15.10023609475955,0.10408051894191163,Underrated Performers
Jérémy Doku,Forward,Manchester City,Premier League,Belgium,7.11,15.153608403670436,-0.45819354890519454,Underrated Performers
Kenan Yildiz,Midfielder,Juventus,Serie A,Turkey,7.01,15.39710933268584,-0.01790207096161484,Underrated Performers
Nick Woltemade,Forward,Stuttgart,Bundesliga,Germany,6.84,14.011942099076569,-1.2172635404987917,Squad Players
Tijjani Reijnders,Midfielder,AC Milan,Serie A,Netherlands,6.99,14.474623591851314,-0.10562221867351508,Underrated Performers
Dean Huijsen,Defender,Bournemouth,Premier League,Spain,6.93,15.517772835851977,0.354236171523957,Underrated Performers
Antoine Griezmann,Forward,Atletico Madrid,La Liga,France,6.83,17.478026811707814,-1.2453772438911466,Fan Favourites
Joan García,Goalkeeper,Espanyol,La Liga,Spain,6.94,14.978042426265175,1.2742964528319274,Underrated Performers
Enzo Fernández,Midfielder,Chelsea,Premier League,Argentina,6.95,16.409428999381557,-0.28106251409731947,Fan Favourites
Hakan Çalhanoğlu,Midfielder,Inter Milan,Serie A,Turkey,7.13,15.692980182960707,0.5084188153097983,Underrated Performers
Estêvão,Midfielder,Palmeiras,Brazil Serie A,Brazil,7.38,15.446282669337744,1.6049206617085747,Top Stars
Phil Foden,Midfielder,Manchester City,Premier League,England,6.75,16.332752411122467,-1.1582639912163413,Fan Favourites
Fermín López,Midfielder,Barcelona,La Liga,Spain,6.68,15.743536883355993,-1.465284508208,Fan Favourites
Bernardo Silva,Midfielder,Manchester City,Premier League,Portugal,6.91,15.486634364160585,-0.4565028095211238,Fan Favourites
Kevin De Bruyne,Midfielder,Manchester City,Premier League,Belgium,6.97,17.0834242115686,-0.1933423663854192,Fan Favourites
Dani Olmo,Midfielder,Barcelona,La Liga,Spain,7.02,15.604288921442137,0.02595800289433528,Underrated Performers
João Pedro,Forward,Brighton,Premier League,Brazil,6.89,14.80941508084996,-1.0766950235370152,Squad Players
Theo Hernández,Defender,AC Milan,Serie A,France,6.92,15.358733024007261,0.299354511147007,Underrated Performers
Mikel Oyarzabal,Forward,Real Sociedad,La Liga,Spain,6.46,12.944338974605055,-2.285584269408297,Squad Players
Daniel Muñoz,Defender,Crystal Palace,Premier League,Columbia,7.11,13.830923171076751,1.3421060583090811,Underrated Performers
André-Frank Zambo Anguissa,Midfielder,Napoli,Serie A,Cameroon,6.98,12.896716695872,-0.14948229252946518,Squad Players
Granit Xhaka,Midfielder,Bayer Leverkusen,Bundesliga,Switzerland,6.93,15.087981191263834,-0.3687826618092236,Underrated Performers
Nico Paz,Midfielder,Como,Serie A,Argentina,7.12,15.013729842492692,0.4645587414538482,Underrated Performers
Reece James,Defender,Chelsea,Premier League,England,6.54,15.088448073380661,-1.7861485831771362,Squad Players
Giorgian de Arrascaeta,Midfielder,Flamengo,Brazil Serie A,Uruguay,7.26,15.98787454471372,1.0785997754371615,Top Stars
Riccardo Calafiori,Defender,Arsenal,Premier League,Italy,6.65,14.684166557900014,-1.1824503190306719,Squad Players
Mikel Merino,Midfielder,Arsenal,Premier League,Spain,6.8,14.31893687424832,-0.9389636219365868,Squad Players
Mile Svilar,Goalkeeper,Roma,Serie A,Serbia,6.85,12.73441003928723,0.5263398392131855,Squad Players
Miloš Kerkez,Defender,Bournemouth,Premier League,Hungary,6.77,14.547159443252884,-0.5238703945072622,Squad Players
Tino Livramento,Defender,Newcastle,Premier League,England,6.68,12.479909311159902,-1.017805337899822,Squad Players
Manuel Neuer,Goalkeeper,Bayern Munich,Bundesliga,Germany,6.63,16.52590141758679,-1.301998549632611,Fan Favourites
Mason Greenwood,Forward,Marseille,Ligue 1,Jamaica,7.38,14.970446782763007,0.3008764426884003,Underrated Performers
Álvaro Carreras,Defender,Benfica,Liga Portugal,Spain,7.06,14.956798801505588,1.0676977564243215,Underrated Performers
Micky van de Ven,Defender,Tottenham,Premier League,Netherlands,6.5,13.823435075867076,-2.005675224684941,Squad Players
Antony,Forward,Real Betis,La Liga,Brazil,7.18,16.193590247018893,-0.26139762515870835,Fan Favourites
Mohammed Kudus,Forward,West Ham,Premier League,Ghana,6.89,13.756711269213357,-1.0766950235370152,Squad Players
Matz Sels,Goalkeeper,Nottingham Forest,Premier League,Belgium,6.79,11.56171562913966,0.027702096800698246,Squad Players
Jeremie Frimpong,Defender,Bayer Leverkusen,Bundesliga,Netherlands,6.69,14.934947826964551,-0.962923677522867,Squad Players
Murillo,Defender,Nottingham Forest,Premier League,Brazil,7.01,13.462423455731384,0.7932894545395667,Underrated Performers
Ibrahima Konaté,Defender,Liverpool,Premier League,France,6.84,15.137108252108867,-0.13969877186860263,Underrated Performers
Rodrigo De Paul,Midfielder,Atletico Madrid,La Liga,Argentina,6.69,16.523925825754866,-1.421424434352046,Fan Favourites
Thiago Almada,Midfielder,Lyon,Ligue 1,Argentina,6.57,14.748140672116696,-1.947745320623459,Squad Players
Oihan Sancet,Midfielder,Athletic Club,La Liga,Spain,6.82,11.703545824578878,-0.8512434742246827,Squad Players
Isco,Midfielder,Real Betis,La Liga,Spain,7.2,17.188173099290243,0.8154393323014569,Top Stars
Morgan Gibbs-White,Midfielder,Nottingham Forest,Premier League,England,7.0,13.076434615515915,-0.06176214481756496,Squad Players
Xavi Simons,Midfielder,RB Leipzig,Bundesliga,Netherlands,7.32,15.724379947468487,1.34176021857287,Top Stars
Giuliano Simeone,Midfielder,Atletico Madrid,La Liga,Argentina,6.66,14.087342172997747,-1.5530046559199002,Squad Players
Christian Pulisic,Forward,AC Milan,Serie A,USA,7.08,15.865760644922203,-0.5425346590822614,Fan Favourites
Cody Gakpo,Forward,Liverpool,Premier League,Netherlands,6.86,14.715102233479755,-1.1610361337140798,Squad Players
Ademola Lookman,Forward,Atalanta,Serie A,Nigeria,7.24,14.457993193800586,-0.09271540480457452,Underrated Performers
Benjamin Šeško,Forward,RB Leipzig,Bundesliga,Slovenia,6.92,14.647126236064494,-0.9923539133599484,Squad Players
Kai Havertz,Forward,Arsenal,Premier League,Germany,7.0,15.660141533880765,-0.7674442862211049,Fan Favourites
Jonathan David,Forward,Lille,Ligue 1,Canada,6.96,13.113304469115981,-0.8798990997905266,Squad Players
Chris Wood,Forward,Nottingham Forest,Premier League,New Zealand,6.96,12.066632401404584,-0.8798990997905266,Squad Players
Matheus Cunha,Forward,Wolves,Premier League,Brazil,7.32,15.63286532167368,0.13219422233426892,Underrated Performers
Omar Marmoush,Forward,Manchester City,Premier League,Egypt,7.13,15.524227672294321,-0.4019661421204849,Fan Favourites
Mateo Retegui,Forward,Atalanta,Serie A,Italy,7.17,12.825287992269285,-0.28951132855106315,Squad Players
